<?xml version="1.0" ?>
<manifest identifier="g1ERc5og6h5U9dN53xUqOHGb3IJrUKKLTnjpgItJ" version="1"
  xmlns="http://www.imsproject.org/xsd/imscp_rootv1p1p2"
  xmlns:adlcp="http://www.adlnet.org/xsd/adlcp_rootv1p2"
  xmlns:xsi="http://www.w3.org/2001/XMLSchema-instance"
  xsi:schemaLocation="http://www.imsproject.org/xsd/imscp_rootv1p1p2 imscp_rootv1p1p2.xsd
                      http://www.adlnet.org/xsd/adlcp_rootv1p2 adlcp_rootv1p2.xsd">
  <metadata>
    <schema>ADL SCORM</schema>
    <schemaversion>1.2</schemaversion>
    <adlcp:location>metadata.xml</adlcp:location>
  </metadata>
  <organizations default="articulate_rise">
      <organization identifier="articulate_rise">
      <title>The Application of Neutron Activation Analysis to Forensic Sciences</title>
      <item identifier="i1" identifierref="r1" isvisible="true">
        <title>The Application of Neutron Activation Analysis to Forensic Sciences</title>
        <adlcp:datafromlms>eyJjcHYiOiJUbmpwZ0l0SiIsInJsZCI6ZmFsc2V9</adlcp:datafromlms>
      </item>
    </organization>
  </organizations>
  <resources>
    <resource identifier="r1" type="webcontent" adlcp:scormtype="sco" href="scormdriver/indexAPI.html">
      <!-- SCORMDRIVER STUFF -->
      <file href="scormdriver/indexAPI.html" />
      <file href="scormdriver/preloadIntegrity.js" />
      <file href="scormdriver/driverOptions.js" />
      <file href="scormdriver/AICCComm.html" />
      <file href="scormdriver/auto-scripts/AutoBookmark.js" />
      <file href="scormdriver/auto-scripts/AutoCompleteSCO.js" />
      <file href="scormdriver/auto-scripts/CourseExit.js" />
      <file href="scormdriver/blank.html" />
      <file href="scormdriver/goodbye.html" />
      <file href="scormdriver/scormdriver.js" />
      <file href="scormdriver/browsersniff.js" />

      <!-- RUNTIME COMMON STUFF -->
      <file href="scormcontent/index.html" />
      <file href="scormcontent/lib/main.bundle.js"/>

      
        <file href="scormcontent/lib/fonts/icomoon.ttf"/>
        <file href="scormcontent/lib/fonts/icomoon.woff"/>

        <file href="scormcontent/lib/icomoon.css"/>
        <file href="scormcontent/lib/main.bundle.css"/>
        <file href="scormcontent/lib/player-0.0.11.min.js"/>
        <file href="scormcontent/lib/lzwcompress.js"/>
      

      <!-- RUNTIME CONTENT STUFF -->
      <file href="scormcontent/assets/9pqtzrRTpKd1bbSS/player-interface.js" />
<file href="scormcontent/assets/ICj2wS4Quedy2rEB/player-interface.js" />
<file href="scormcontent/assets/M9BMBj2Vf6LY_Nrz/player-interface.js" />
<file href="scormcontent/assets/TcbIoGbVVHUmRdfj/player-interface.js" />
<file href="scormcontent/assets/6Hy6uVd0wV54Dke2/player-interface.js" />
<file href="scormcontent/assets/LORsNPb0coIGtRFv/player-interface.js" />
<file href="scormcontent/assets/e_euqfoiJcbM07Sy/player-interface.js" />
<file href="scormcontent/assets/9FfWbIEO52QdVN1p/player-interface.js" />
<file href="scormcontent/assets/CoSZwAKsJ1MjUTg1/player-interface.js" />
<file href="scormcontent/assets/7eOXsG432ucLgyA7/player-interface.js" />
<file href="scormcontent/assets/j-lcrUjw0PRf15dI/player-interface.js" />
<file href="scormcontent/assets/s40YAhDQ61d3LCij/player-interface.js" />
<file href="scormcontent/assets/-swgkao5zxTLHEbg/player-interface.js" />
<file href="scormcontent/assets/7PV3R5tUoJWTlwKL/player-interface.js" />
<file href="scormcontent/assets/k8t4qnhF8R-W9zxr/player-interface.js" />
<file href="scormcontent/assets/crbnhOJLndvk3eFm/player-interface.js" />
<file href="scormcontent/assets/UXdVt3i1DTXgZDVv/player-interface.js" />
<file href="scormcontent/assets/Fj0DuqWKeRZJtSQk/player-interface.js" />
<file href="scormcontent/assets/8Y8N_axAx6G6rhaP/player-interface.js" />
<file href="scormcontent/assets/F8MZrT39wvhuWdpd/player-interface.js" />
<file href="scormcontent/assets/_6m4R5CtRDfcOO_U/player-interface.js" />
<file href="scormcontent/assets/BBlHenXHkKY2Zl-R/player-interface.js" />
<file href="scormcontent/assets/K4ylYX2OrfXZAlwa/player-interface.js" />
<file href="scormcontent/assets/mcWKflmXclDVbovC/player-interface.js" />
<file href="scormcontent/assets/j9IU-FmLgFavAJgC/player-interface.js" />
<file href="scormcontent/assets/6oskpHoKnFhajEGz/player-interface.js" />
<file href="scormcontent/assets/9pqtzrRTpKd1bbSS/analytics-frame.html" />
<file href="scormcontent/assets/9pqtzrRTpKd1bbSS/html5/data/css/output.min.css" />
<file href="scormcontent/assets/9pqtzrRTpKd1bbSS/html5/data/js/6HHGv0Jb6lC.js" />
<file href="scormcontent/assets/9pqtzrRTpKd1bbSS/html5/data/js/data.js" />
<file href="scormcontent/assets/9pqtzrRTpKd1bbSS/html5/data/js/frame.js" />
<file href="scormcontent/assets/9pqtzrRTpKd1bbSS/html5/data/js/paths.js" />
<file href="scormcontent/assets/9pqtzrRTpKd1bbSS/html5/lib/scripts/bootstrapper.min.js" />
<file href="scormcontent/assets/9pqtzrRTpKd1bbSS/html5/lib/scripts/frame.desktop.min.js" />
<file href="scormcontent/assets/9pqtzrRTpKd1bbSS/html5/lib/scripts/frame.mobile.min.js" />
<file href="scormcontent/assets/9pqtzrRTpKd1bbSS/html5/lib/scripts/slides.min.js" />
<file href="scormcontent/assets/9pqtzrRTpKd1bbSS/html5/lib/stylesheets/desktop.min.css" />
<file href="scormcontent/assets/9pqtzrRTpKd1bbSS/html5/lib/stylesheets/mobile-fonts/open-sans-bold.woff" />
<file href="scormcontent/assets/9pqtzrRTpKd1bbSS/html5/lib/stylesheets/mobile-fonts/open-sans-light.woff" />
<file href="scormcontent/assets/9pqtzrRTpKd1bbSS/html5/lib/stylesheets/mobile-fonts/open-sans-regular.woff" />
<file href="scormcontent/assets/9pqtzrRTpKd1bbSS/html5/lib/stylesheets/mobile.min.css" />
<file href="scormcontent/assets/9pqtzrRTpKd1bbSS/meta.xml" />
<file href="scormcontent/assets/9pqtzrRTpKd1bbSS/mobile/6K2qYLhPshi.png" />
<file href="scormcontent/assets/9pqtzrRTpKd1bbSS/story.html" />
<file href="scormcontent/assets/9pqtzrRTpKd1bbSS/story_content/thumbnail.jpg" />
<file href="scormcontent/assets/9pqtzrRTpKd1bbSS/story_content/user.js" />
<file href="scormcontent/assets/9pqtzrRTpKd1bbSS/threeSixty.json" />
<file href="scormcontent/assets/ICj2wS4Quedy2rEB/analytics-frame.html" />
<file href="scormcontent/assets/ICj2wS4Quedy2rEB/html5/data/css/output.min.css" />
<file href="scormcontent/assets/ICj2wS4Quedy2rEB/html5/data/js/6HHGv0Jb6lC.js" />
<file href="scormcontent/assets/ICj2wS4Quedy2rEB/html5/data/js/data.js" />
<file href="scormcontent/assets/ICj2wS4Quedy2rEB/html5/data/js/frame.js" />
<file href="scormcontent/assets/ICj2wS4Quedy2rEB/html5/data/js/paths.js" />
<file href="scormcontent/assets/ICj2wS4Quedy2rEB/html5/lib/scripts/bootstrapper.min.js" />
<file href="scormcontent/assets/ICj2wS4Quedy2rEB/html5/lib/scripts/frame.desktop.min.js" />
<file href="scormcontent/assets/ICj2wS4Quedy2rEB/html5/lib/scripts/frame.mobile.min.js" />
<file href="scormcontent/assets/ICj2wS4Quedy2rEB/html5/lib/scripts/slides.min.js" />
<file href="scormcontent/assets/ICj2wS4Quedy2rEB/html5/lib/stylesheets/desktop.min.css" />
<file href="scormcontent/assets/ICj2wS4Quedy2rEB/html5/lib/stylesheets/mobile-fonts/open-sans-bold.woff" />
<file href="scormcontent/assets/ICj2wS4Quedy2rEB/html5/lib/stylesheets/mobile-fonts/open-sans-light.woff" />
<file href="scormcontent/assets/ICj2wS4Quedy2rEB/html5/lib/stylesheets/mobile-fonts/open-sans-regular.woff" />
<file href="scormcontent/assets/ICj2wS4Quedy2rEB/html5/lib/stylesheets/mobile.min.css" />
<file href="scormcontent/assets/ICj2wS4Quedy2rEB/meta.xml" />
<file href="scormcontent/assets/ICj2wS4Quedy2rEB/mobile/6K2qYLhPshi.png" />
<file href="scormcontent/assets/ICj2wS4Quedy2rEB/story.html" />
<file href="scormcontent/assets/ICj2wS4Quedy2rEB/story_content/thumbnail.jpg" />
<file href="scormcontent/assets/ICj2wS4Quedy2rEB/story_content/user.js" />
<file href="scormcontent/assets/ICj2wS4Quedy2rEB/threeSixty.json" />
<file href="scormcontent/assets/M9BMBj2Vf6LY_Nrz/analytics-frame.html" />
<file href="scormcontent/assets/M9BMBj2Vf6LY_Nrz/html5/data/css/output.min.css" />
<file href="scormcontent/assets/M9BMBj2Vf6LY_Nrz/html5/data/js/65tDSw5XCEm.js" />
<file href="scormcontent/assets/M9BMBj2Vf6LY_Nrz/html5/data/js/data.js" />
<file href="scormcontent/assets/M9BMBj2Vf6LY_Nrz/html5/data/js/frame.js" />
<file href="scormcontent/assets/M9BMBj2Vf6LY_Nrz/html5/data/js/paths.js" />
<file href="scormcontent/assets/M9BMBj2Vf6LY_Nrz/html5/lib/scripts/bootstrapper.min.js" />
<file href="scormcontent/assets/M9BMBj2Vf6LY_Nrz/html5/lib/scripts/frame.desktop.min.js" />
<file href="scormcontent/assets/M9BMBj2Vf6LY_Nrz/html5/lib/scripts/frame.mobile.min.js" />
<file href="scormcontent/assets/M9BMBj2Vf6LY_Nrz/html5/lib/scripts/slides.min.js" />
<file href="scormcontent/assets/M9BMBj2Vf6LY_Nrz/html5/lib/stylesheets/desktop.min.css" />
<file href="scormcontent/assets/M9BMBj2Vf6LY_Nrz/html5/lib/stylesheets/mobile-fonts/open-sans-bold.woff" />
<file href="scormcontent/assets/M9BMBj2Vf6LY_Nrz/html5/lib/stylesheets/mobile-fonts/open-sans-light.woff" />
<file href="scormcontent/assets/M9BMBj2Vf6LY_Nrz/html5/lib/stylesheets/mobile-fonts/open-sans-regular.woff" />
<file href="scormcontent/assets/M9BMBj2Vf6LY_Nrz/html5/lib/stylesheets/mobile.min.css" />
<file href="scormcontent/assets/M9BMBj2Vf6LY_Nrz/meta.xml" />
<file href="scormcontent/assets/M9BMBj2Vf6LY_Nrz/mobile/5Vz098vynn4.png" />
<file href="scormcontent/assets/M9BMBj2Vf6LY_Nrz/mobile/5WdrCvq2U5H.png" />
<file href="scormcontent/assets/M9BMBj2Vf6LY_Nrz/mobile/5Yu2nJ3Vgbk.png" />
<file href="scormcontent/assets/M9BMBj2Vf6LY_Nrz/mobile/5fM4zUCPc6Y.png" />
<file href="scormcontent/assets/M9BMBj2Vf6LY_Nrz/mobile/5x8TYmUEaEr.png" />
<file href="scormcontent/assets/M9BMBj2Vf6LY_Nrz/mobile/5yAd6Ix45g4.png" />
<file href="scormcontent/assets/M9BMBj2Vf6LY_Nrz/mobile/5yEhLDpzep2.png" />
<file href="scormcontent/assets/M9BMBj2Vf6LY_Nrz/mobile/61KMqg2Ktoo.png" />
<file href="scormcontent/assets/M9BMBj2Vf6LY_Nrz/mobile/68irGGI8GzY.png" />
<file href="scormcontent/assets/M9BMBj2Vf6LY_Nrz/mobile/6C3NSLxGioP.png" />
<file href="scormcontent/assets/M9BMBj2Vf6LY_Nrz/mobile/6Dr90MbPkSC.png" />
<file href="scormcontent/assets/M9BMBj2Vf6LY_Nrz/mobile/6Hx4x1xD4D1.png" />
<file href="scormcontent/assets/M9BMBj2Vf6LY_Nrz/mobile/6Jxbclg8nza.png" />
<file href="scormcontent/assets/M9BMBj2Vf6LY_Nrz/mobile/6PXJpA8hQ9E.png" />
<file href="scormcontent/assets/M9BMBj2Vf6LY_Nrz/mobile/6QKol1AqCf0.png" />
<file href="scormcontent/assets/M9BMBj2Vf6LY_Nrz/mobile/6UkfnHZMRFr.png" />
<file href="scormcontent/assets/M9BMBj2Vf6LY_Nrz/mobile/6Z5C7X2XO0a.png" />
<file href="scormcontent/assets/M9BMBj2Vf6LY_Nrz/mobile/6gO538jC9o8.png" />
<file href="scormcontent/assets/M9BMBj2Vf6LY_Nrz/mobile/6iZzg3hu1t6.png" />
<file href="scormcontent/assets/M9BMBj2Vf6LY_Nrz/mobile/6roujUE1Lsn.png" />
<file href="scormcontent/assets/M9BMBj2Vf6LY_Nrz/story.html" />
<file href="scormcontent/assets/M9BMBj2Vf6LY_Nrz/story_content/thumbnail.jpg" />
<file href="scormcontent/assets/M9BMBj2Vf6LY_Nrz/story_content/user.js" />
<file href="scormcontent/assets/M9BMBj2Vf6LY_Nrz/threeSixty.json" />
<file href="scormcontent/assets/TcbIoGbVVHUmRdfj/analytics-frame.html" />
<file href="scormcontent/assets/TcbIoGbVVHUmRdfj/html5/data/css/output.min.css" />
<file href="scormcontent/assets/TcbIoGbVVHUmRdfj/html5/data/js/6HHGv0Jb6lC.js" />
<file href="scormcontent/assets/TcbIoGbVVHUmRdfj/html5/data/js/data.js" />
<file href="scormcontent/assets/TcbIoGbVVHUmRdfj/html5/data/js/frame.js" />
<file href="scormcontent/assets/TcbIoGbVVHUmRdfj/html5/data/js/paths.js" />
<file href="scormcontent/assets/TcbIoGbVVHUmRdfj/html5/lib/scripts/bootstrapper.min.js" />
<file href="scormcontent/assets/TcbIoGbVVHUmRdfj/html5/lib/scripts/frame.desktop.min.js" />
<file href="scormcontent/assets/TcbIoGbVVHUmRdfj/html5/lib/scripts/frame.mobile.min.js" />
<file href="scormcontent/assets/TcbIoGbVVHUmRdfj/html5/lib/scripts/slides.min.js" />
<file href="scormcontent/assets/TcbIoGbVVHUmRdfj/html5/lib/stylesheets/desktop.min.css" />
<file href="scormcontent/assets/TcbIoGbVVHUmRdfj/html5/lib/stylesheets/mobile-fonts/open-sans-bold.woff" />
<file href="scormcontent/assets/TcbIoGbVVHUmRdfj/html5/lib/stylesheets/mobile-fonts/open-sans-light.woff" />
<file href="scormcontent/assets/TcbIoGbVVHUmRdfj/html5/lib/stylesheets/mobile-fonts/open-sans-regular.woff" />
<file href="scormcontent/assets/TcbIoGbVVHUmRdfj/html5/lib/stylesheets/mobile.min.css" />
<file href="scormcontent/assets/TcbIoGbVVHUmRdfj/meta.xml" />
<file href="scormcontent/assets/TcbIoGbVVHUmRdfj/mobile/5ZWgI20Zkcl.png" />
<file href="scormcontent/assets/TcbIoGbVVHUmRdfj/mobile/5eDYfJ6MVHy.png" />
<file href="scormcontent/assets/TcbIoGbVVHUmRdfj/mobile/5gOToC4oN2W.png" />
<file href="scormcontent/assets/TcbIoGbVVHUmRdfj/mobile/5gadC8SUB1O.png" />
<file href="scormcontent/assets/TcbIoGbVVHUmRdfj/mobile/5iLHQL97Ghi.png" />
<file href="scormcontent/assets/TcbIoGbVVHUmRdfj/mobile/5lCLQ47lNz7.png" />
<file href="scormcontent/assets/TcbIoGbVVHUmRdfj/mobile/5mHhltyqtTV.png" />
<file href="scormcontent/assets/TcbIoGbVVHUmRdfj/mobile/5qWbjZ7tHxB.png" />
<file href="scormcontent/assets/TcbIoGbVVHUmRdfj/mobile/5uMf0ZzcIBi.png" />
<file href="scormcontent/assets/TcbIoGbVVHUmRdfj/mobile/65ebaO9WkCE.png" />
<file href="scormcontent/assets/TcbIoGbVVHUmRdfj/mobile/68Dfrs6FvBe.png" />
<file href="scormcontent/assets/TcbIoGbVVHUmRdfj/mobile/6ARHKvOo67g.png" />
<file href="scormcontent/assets/TcbIoGbVVHUmRdfj/mobile/6Fy2PGWOz8o.png" />
<file href="scormcontent/assets/TcbIoGbVVHUmRdfj/mobile/6K2qYLhPshi.png" />
<file href="scormcontent/assets/TcbIoGbVVHUmRdfj/mobile/6M1lkQPiKGy.png" />
<file href="scormcontent/assets/TcbIoGbVVHUmRdfj/mobile/6Ob0kPQFk15.png" />
<file href="scormcontent/assets/TcbIoGbVVHUmRdfj/mobile/6Oqx4DodEIK.png" />
<file href="scormcontent/assets/TcbIoGbVVHUmRdfj/mobile/6PeznC7LsAf.png" />
<file href="scormcontent/assets/TcbIoGbVVHUmRdfj/mobile/6Q3hpArUSRU.png" />
<file href="scormcontent/assets/TcbIoGbVVHUmRdfj/mobile/6QCIzzn9zU6.png" />
<file href="scormcontent/assets/TcbIoGbVVHUmRdfj/mobile/6QeA8nkwuS6.png" />
<file href="scormcontent/assets/TcbIoGbVVHUmRdfj/mobile/6RrybX11LMm.png" />
<file href="scormcontent/assets/TcbIoGbVVHUmRdfj/mobile/6a6qZq0WSWR.png" />
<file href="scormcontent/assets/TcbIoGbVVHUmRdfj/mobile/6bRFmv8yymQ.png" />
<file href="scormcontent/assets/TcbIoGbVVHUmRdfj/mobile/6f2SoBFgzZa.png" />
<file href="scormcontent/assets/TcbIoGbVVHUmRdfj/mobile/6lQJ5RDUGvQ.png" />
<file href="scormcontent/assets/TcbIoGbVVHUmRdfj/mobile/6otwidM9mJS.png" />
<file href="scormcontent/assets/TcbIoGbVVHUmRdfj/mobile/6rLYtJPhzrT.png" />
<file href="scormcontent/assets/TcbIoGbVVHUmRdfj/story.html" />
<file href="scormcontent/assets/TcbIoGbVVHUmRdfj/story_content/thumbnail.jpg" />
<file href="scormcontent/assets/TcbIoGbVVHUmRdfj/story_content/user.js" />
<file href="scormcontent/assets/TcbIoGbVVHUmRdfj/threeSixty.json" />
<file href="scormcontent/assets/6Hy6uVd0wV54Dke2/analytics-frame.html" />
<file href="scormcontent/assets/6Hy6uVd0wV54Dke2/html5/data/css/output.min.css" />
<file href="scormcontent/assets/6Hy6uVd0wV54Dke2/html5/data/js/6YskgaVNatn.js" />
<file href="scormcontent/assets/6Hy6uVd0wV54Dke2/html5/data/js/data.js" />
<file href="scormcontent/assets/6Hy6uVd0wV54Dke2/html5/data/js/frame.js" />
<file href="scormcontent/assets/6Hy6uVd0wV54Dke2/html5/data/js/paths.js" />
<file href="scormcontent/assets/6Hy6uVd0wV54Dke2/html5/lib/scripts/bootstrapper.min.js" />
<file href="scormcontent/assets/6Hy6uVd0wV54Dke2/html5/lib/scripts/frame.desktop.min.js" />
<file href="scormcontent/assets/6Hy6uVd0wV54Dke2/html5/lib/scripts/frame.mobile.min.js" />
<file href="scormcontent/assets/6Hy6uVd0wV54Dke2/html5/lib/scripts/slides.min.js" />
<file href="scormcontent/assets/6Hy6uVd0wV54Dke2/html5/lib/stylesheets/desktop.min.css" />
<file href="scormcontent/assets/6Hy6uVd0wV54Dke2/html5/lib/stylesheets/mobile-fonts/open-sans-bold.woff" />
<file href="scormcontent/assets/6Hy6uVd0wV54Dke2/html5/lib/stylesheets/mobile-fonts/open-sans-light.woff" />
<file href="scormcontent/assets/6Hy6uVd0wV54Dke2/html5/lib/stylesheets/mobile-fonts/open-sans-regular.woff" />
<file href="scormcontent/assets/6Hy6uVd0wV54Dke2/html5/lib/stylesheets/mobile.min.css" />
<file href="scormcontent/assets/6Hy6uVd0wV54Dke2/meta.xml" />
<file href="scormcontent/assets/6Hy6uVd0wV54Dke2/mobile/6IP1dkyQ1FE.png" />
<file href="scormcontent/assets/6Hy6uVd0wV54Dke2/story.html" />
<file href="scormcontent/assets/6Hy6uVd0wV54Dke2/story_content/6lWoP9be1JA.jpg" />
<file href="scormcontent/assets/6Hy6uVd0wV54Dke2/story_content/thumbnail.jpg" />
<file href="scormcontent/assets/6Hy6uVd0wV54Dke2/story_content/user.js" />
<file href="scormcontent/assets/6Hy6uVd0wV54Dke2/threeSixty.json" />
<file href="scormcontent/assets/LORsNPb0coIGtRFv/analytics-frame.html" />
<file href="scormcontent/assets/LORsNPb0coIGtRFv/html5/data/css/output.min.css" />
<file href="scormcontent/assets/LORsNPb0coIGtRFv/html5/data/js/6HHGv0Jb6lC.js" />
<file href="scormcontent/assets/LORsNPb0coIGtRFv/html5/data/js/data.js" />
<file href="scormcontent/assets/LORsNPb0coIGtRFv/html5/data/js/frame.js" />
<file href="scormcontent/assets/LORsNPb0coIGtRFv/html5/data/js/paths.js" />
<file href="scormcontent/assets/LORsNPb0coIGtRFv/html5/lib/scripts/bootstrapper.min.js" />
<file href="scormcontent/assets/LORsNPb0coIGtRFv/html5/lib/scripts/frame.desktop.min.js" />
<file href="scormcontent/assets/LORsNPb0coIGtRFv/html5/lib/scripts/frame.mobile.min.js" />
<file href="scormcontent/assets/LORsNPb0coIGtRFv/html5/lib/scripts/slides.min.js" />
<file href="scormcontent/assets/LORsNPb0coIGtRFv/html5/lib/stylesheets/desktop.min.css" />
<file href="scormcontent/assets/LORsNPb0coIGtRFv/html5/lib/stylesheets/mobile-fonts/open-sans-bold.woff" />
<file href="scormcontent/assets/LORsNPb0coIGtRFv/html5/lib/stylesheets/mobile-fonts/open-sans-light.woff" />
<file href="scormcontent/assets/LORsNPb0coIGtRFv/html5/lib/stylesheets/mobile-fonts/open-sans-regular.woff" />
<file href="scormcontent/assets/LORsNPb0coIGtRFv/html5/lib/stylesheets/mobile.min.css" />
<file href="scormcontent/assets/LORsNPb0coIGtRFv/meta.xml" />
<file href="scormcontent/assets/LORsNPb0coIGtRFv/mobile/6K2qYLhPshi.png" />
<file href="scormcontent/assets/LORsNPb0coIGtRFv/story.html" />
<file href="scormcontent/assets/LORsNPb0coIGtRFv/story_content/thumbnail.jpg" />
<file href="scormcontent/assets/LORsNPb0coIGtRFv/story_content/user.js" />
<file href="scormcontent/assets/LORsNPb0coIGtRFv/threeSixty.json" />
<file href="scormcontent/assets/e_euqfoiJcbM07Sy/analytics-frame.html" />
<file href="scormcontent/assets/e_euqfoiJcbM07Sy/html5/data/css/output.min.css" />
<file href="scormcontent/assets/e_euqfoiJcbM07Sy/html5/data/js/6HHGv0Jb6lC.js" />
<file href="scormcontent/assets/e_euqfoiJcbM07Sy/html5/data/js/data.js" />
<file href="scormcontent/assets/e_euqfoiJcbM07Sy/html5/data/js/frame.js" />
<file href="scormcontent/assets/e_euqfoiJcbM07Sy/html5/data/js/paths.js" />
<file href="scormcontent/assets/e_euqfoiJcbM07Sy/html5/lib/scripts/bootstrapper.min.js" />
<file href="scormcontent/assets/e_euqfoiJcbM07Sy/html5/lib/scripts/frame.desktop.min.js" />
<file href="scormcontent/assets/e_euqfoiJcbM07Sy/html5/lib/scripts/frame.mobile.min.js" />
<file href="scormcontent/assets/e_euqfoiJcbM07Sy/html5/lib/scripts/slides.min.js" />
<file href="scormcontent/assets/e_euqfoiJcbM07Sy/html5/lib/stylesheets/desktop.min.css" />
<file href="scormcontent/assets/e_euqfoiJcbM07Sy/html5/lib/stylesheets/mobile-fonts/open-sans-bold.woff" />
<file href="scormcontent/assets/e_euqfoiJcbM07Sy/html5/lib/stylesheets/mobile-fonts/open-sans-light.woff" />
<file href="scormcontent/assets/e_euqfoiJcbM07Sy/html5/lib/stylesheets/mobile-fonts/open-sans-regular.woff" />
<file href="scormcontent/assets/e_euqfoiJcbM07Sy/html5/lib/stylesheets/mobile.min.css" />
<file href="scormcontent/assets/e_euqfoiJcbM07Sy/meta.xml" />
<file href="scormcontent/assets/e_euqfoiJcbM07Sy/mobile/6K2qYLhPshi.png" />
<file href="scormcontent/assets/e_euqfoiJcbM07Sy/story.html" />
<file href="scormcontent/assets/e_euqfoiJcbM07Sy/story_content/thumbnail.jpg" />
<file href="scormcontent/assets/e_euqfoiJcbM07Sy/story_content/user.js" />
<file href="scormcontent/assets/e_euqfoiJcbM07Sy/threeSixty.json" />
<file href="scormcontent/assets/9FfWbIEO52QdVN1p/analytics-frame.html" />
<file href="scormcontent/assets/9FfWbIEO52QdVN1p/html5/data/css/output.min.css" />
<file href="scormcontent/assets/9FfWbIEO52QdVN1p/html5/data/js/6HHGv0Jb6lC.js" />
<file href="scormcontent/assets/9FfWbIEO52QdVN1p/html5/data/js/data.js" />
<file href="scormcontent/assets/9FfWbIEO52QdVN1p/html5/data/js/frame.js" />
<file href="scormcontent/assets/9FfWbIEO52QdVN1p/html5/data/js/paths.js" />
<file href="scormcontent/assets/9FfWbIEO52QdVN1p/html5/lib/scripts/bootstrapper.min.js" />
<file href="scormcontent/assets/9FfWbIEO52QdVN1p/html5/lib/scripts/frame.desktop.min.js" />
<file href="scormcontent/assets/9FfWbIEO52QdVN1p/html5/lib/scripts/frame.mobile.min.js" />
<file href="scormcontent/assets/9FfWbIEO52QdVN1p/html5/lib/scripts/slides.min.js" />
<file href="scormcontent/assets/9FfWbIEO52QdVN1p/html5/lib/stylesheets/desktop.min.css" />
<file href="scormcontent/assets/9FfWbIEO52QdVN1p/html5/lib/stylesheets/mobile-fonts/open-sans-bold.woff" />
<file href="scormcontent/assets/9FfWbIEO52QdVN1p/html5/lib/stylesheets/mobile-fonts/open-sans-light.woff" />
<file href="scormcontent/assets/9FfWbIEO52QdVN1p/html5/lib/stylesheets/mobile-fonts/open-sans-regular.woff" />
<file href="scormcontent/assets/9FfWbIEO52QdVN1p/html5/lib/stylesheets/mobile.min.css" />
<file href="scormcontent/assets/9FfWbIEO52QdVN1p/meta.xml" />
<file href="scormcontent/assets/9FfWbIEO52QdVN1p/mobile/6K2qYLhPshi.png" />
<file href="scormcontent/assets/9FfWbIEO52QdVN1p/story.html" />
<file href="scormcontent/assets/9FfWbIEO52QdVN1p/story_content/thumbnail.jpg" />
<file href="scormcontent/assets/9FfWbIEO52QdVN1p/story_content/user.js" />
<file href="scormcontent/assets/9FfWbIEO52QdVN1p/threeSixty.json" />
<file href="scormcontent/assets/CoSZwAKsJ1MjUTg1/analytics-frame.html" />
<file href="scormcontent/assets/CoSZwAKsJ1MjUTg1/html5/data/css/output.min.css" />
<file href="scormcontent/assets/CoSZwAKsJ1MjUTg1/html5/data/js/5kRfj9RTrIj.js" />
<file href="scormcontent/assets/CoSZwAKsJ1MjUTg1/html5/data/js/data.js" />
<file href="scormcontent/assets/CoSZwAKsJ1MjUTg1/html5/data/js/frame.js" />
<file href="scormcontent/assets/CoSZwAKsJ1MjUTg1/html5/data/js/paths.js" />
<file href="scormcontent/assets/CoSZwAKsJ1MjUTg1/html5/lib/scripts/bootstrapper.min.js" />
<file href="scormcontent/assets/CoSZwAKsJ1MjUTg1/html5/lib/scripts/frame.desktop.min.js" />
<file href="scormcontent/assets/CoSZwAKsJ1MjUTg1/html5/lib/scripts/frame.mobile.min.js" />
<file href="scormcontent/assets/CoSZwAKsJ1MjUTg1/html5/lib/scripts/slides.min.js" />
<file href="scormcontent/assets/CoSZwAKsJ1MjUTg1/html5/lib/stylesheets/desktop.min.css" />
<file href="scormcontent/assets/CoSZwAKsJ1MjUTg1/html5/lib/stylesheets/mobile-fonts/open-sans-bold.woff" />
<file href="scormcontent/assets/CoSZwAKsJ1MjUTg1/html5/lib/stylesheets/mobile-fonts/open-sans-light.woff" />
<file href="scormcontent/assets/CoSZwAKsJ1MjUTg1/html5/lib/stylesheets/mobile-fonts/open-sans-regular.woff" />
<file href="scormcontent/assets/CoSZwAKsJ1MjUTg1/html5/lib/stylesheets/mobile.min.css" />
<file href="scormcontent/assets/CoSZwAKsJ1MjUTg1/meta.xml" />
<file href="scormcontent/assets/CoSZwAKsJ1MjUTg1/mobile/5bsncQmTKqL.gif" />
<file href="scormcontent/assets/CoSZwAKsJ1MjUTg1/mobile/5ela0TH8UdM.gif" />
<file href="scormcontent/assets/CoSZwAKsJ1MjUTg1/mobile/5hYaHX7YbNO.gif" />
<file href="scormcontent/assets/CoSZwAKsJ1MjUTg1/mobile/5tvwujsZP0A.gif" />
<file href="scormcontent/assets/CoSZwAKsJ1MjUTg1/mobile/5xHRHfEIGXx.gif" />
<file href="scormcontent/assets/CoSZwAKsJ1MjUTg1/mobile/69j3WYfIrHC.png" />
<file href="scormcontent/assets/CoSZwAKsJ1MjUTg1/mobile/6CXTbXLs52K.gif" />
<file href="scormcontent/assets/CoSZwAKsJ1MjUTg1/mobile/6QeI471GExx.gif" />
<file href="scormcontent/assets/CoSZwAKsJ1MjUTg1/mobile/6UA2XQxHw0N.gif" />
<file href="scormcontent/assets/CoSZwAKsJ1MjUTg1/mobile/6iRDdCLcEi3.png" />
<file href="scormcontent/assets/CoSZwAKsJ1MjUTg1/mobile/6mDlhT8Owgn.gif" />
<file href="scormcontent/assets/CoSZwAKsJ1MjUTg1/story.html" />
<file href="scormcontent/assets/CoSZwAKsJ1MjUTg1/story_content/thumbnail.jpg" />
<file href="scormcontent/assets/CoSZwAKsJ1MjUTg1/story_content/user.js" />
<file href="scormcontent/assets/CoSZwAKsJ1MjUTg1/threeSixty.json" />
<file href="scormcontent/assets/7eOXsG432ucLgyA7/analytics-frame.html" />
<file href="scormcontent/assets/7eOXsG432ucLgyA7/html5/data/css/output.min.css" />
<file href="scormcontent/assets/7eOXsG432ucLgyA7/html5/data/js/6HHGv0Jb6lC.js" />
<file href="scormcontent/assets/7eOXsG432ucLgyA7/html5/data/js/data.js" />
<file href="scormcontent/assets/7eOXsG432ucLgyA7/html5/data/js/frame.js" />
<file href="scormcontent/assets/7eOXsG432ucLgyA7/html5/data/js/paths.js" />
<file href="scormcontent/assets/7eOXsG432ucLgyA7/html5/lib/scripts/bootstrapper.min.js" />
<file href="scormcontent/assets/7eOXsG432ucLgyA7/html5/lib/scripts/frame.desktop.min.js" />
<file href="scormcontent/assets/7eOXsG432ucLgyA7/html5/lib/scripts/frame.mobile.min.js" />
<file href="scormcontent/assets/7eOXsG432ucLgyA7/html5/lib/scripts/slides.min.js" />
<file href="scormcontent/assets/7eOXsG432ucLgyA7/html5/lib/stylesheets/desktop.min.css" />
<file href="scormcontent/assets/7eOXsG432ucLgyA7/html5/lib/stylesheets/mobile-fonts/open-sans-bold.woff" />
<file href="scormcontent/assets/7eOXsG432ucLgyA7/html5/lib/stylesheets/mobile-fonts/open-sans-light.woff" />
<file href="scormcontent/assets/7eOXsG432ucLgyA7/html5/lib/stylesheets/mobile-fonts/open-sans-regular.woff" />
<file href="scormcontent/assets/7eOXsG432ucLgyA7/html5/lib/stylesheets/mobile.min.css" />
<file href="scormcontent/assets/7eOXsG432ucLgyA7/meta.xml" />
<file href="scormcontent/assets/7eOXsG432ucLgyA7/mobile/6K2qYLhPshi.png" />
<file href="scormcontent/assets/7eOXsG432ucLgyA7/story.html" />
<file href="scormcontent/assets/7eOXsG432ucLgyA7/story_content/thumbnail.jpg" />
<file href="scormcontent/assets/7eOXsG432ucLgyA7/story_content/user.js" />
<file href="scormcontent/assets/7eOXsG432ucLgyA7/threeSixty.json" />
<file href="scormcontent/assets/j-lcrUjw0PRf15dI/analytics-frame.html" />
<file href="scormcontent/assets/j-lcrUjw0PRf15dI/html5/data/css/output.min.css" />
<file href="scormcontent/assets/j-lcrUjw0PRf15dI/html5/data/js/6HHGv0Jb6lC.js" />
<file href="scormcontent/assets/j-lcrUjw0PRf15dI/html5/data/js/data.js" />
<file href="scormcontent/assets/j-lcrUjw0PRf15dI/html5/data/js/frame.js" />
<file href="scormcontent/assets/j-lcrUjw0PRf15dI/html5/data/js/paths.js" />
<file href="scormcontent/assets/j-lcrUjw0PRf15dI/html5/lib/scripts/bootstrapper.min.js" />
<file href="scormcontent/assets/j-lcrUjw0PRf15dI/html5/lib/scripts/frame.desktop.min.js" />
<file href="scormcontent/assets/j-lcrUjw0PRf15dI/html5/lib/scripts/frame.mobile.min.js" />
<file href="scormcontent/assets/j-lcrUjw0PRf15dI/html5/lib/scripts/slides.min.js" />
<file href="scormcontent/assets/j-lcrUjw0PRf15dI/html5/lib/stylesheets/desktop.min.css" />
<file href="scormcontent/assets/j-lcrUjw0PRf15dI/html5/lib/stylesheets/mobile-fonts/open-sans-bold.woff" />
<file href="scormcontent/assets/j-lcrUjw0PRf15dI/html5/lib/stylesheets/mobile-fonts/open-sans-light.woff" />
<file href="scormcontent/assets/j-lcrUjw0PRf15dI/html5/lib/stylesheets/mobile-fonts/open-sans-regular.woff" />
<file href="scormcontent/assets/j-lcrUjw0PRf15dI/html5/lib/stylesheets/mobile.min.css" />
<file href="scormcontent/assets/j-lcrUjw0PRf15dI/meta.xml" />
<file href="scormcontent/assets/j-lcrUjw0PRf15dI/mobile/6K2qYLhPshi.png" />
<file href="scormcontent/assets/j-lcrUjw0PRf15dI/story.html" />
<file href="scormcontent/assets/j-lcrUjw0PRf15dI/story_content/thumbnail.jpg" />
<file href="scormcontent/assets/j-lcrUjw0PRf15dI/story_content/user.js" />
<file href="scormcontent/assets/j-lcrUjw0PRf15dI/threeSixty.json" />
<file href="scormcontent/assets/s40YAhDQ61d3LCij/analytics-frame.html" />
<file href="scormcontent/assets/s40YAhDQ61d3LCij/html5/data/css/output.min.css" />
<file href="scormcontent/assets/s40YAhDQ61d3LCij/html5/data/js/6HHGv0Jb6lC.js" />
<file href="scormcontent/assets/s40YAhDQ61d3LCij/html5/data/js/data.js" />
<file href="scormcontent/assets/s40YAhDQ61d3LCij/html5/data/js/frame.js" />
<file href="scormcontent/assets/s40YAhDQ61d3LCij/html5/data/js/paths.js" />
<file href="scormcontent/assets/s40YAhDQ61d3LCij/html5/lib/scripts/bootstrapper.min.js" />
<file href="scormcontent/assets/s40YAhDQ61d3LCij/html5/lib/scripts/frame.desktop.min.js" />
<file href="scormcontent/assets/s40YAhDQ61d3LCij/html5/lib/scripts/frame.mobile.min.js" />
<file href="scormcontent/assets/s40YAhDQ61d3LCij/html5/lib/scripts/slides.min.js" />
<file href="scormcontent/assets/s40YAhDQ61d3LCij/html5/lib/stylesheets/desktop.min.css" />
<file href="scormcontent/assets/s40YAhDQ61d3LCij/html5/lib/stylesheets/mobile-fonts/open-sans-bold.woff" />
<file href="scormcontent/assets/s40YAhDQ61d3LCij/html5/lib/stylesheets/mobile-fonts/open-sans-light.woff" />
<file href="scormcontent/assets/s40YAhDQ61d3LCij/html5/lib/stylesheets/mobile-fonts/open-sans-regular.woff" />
<file href="scormcontent/assets/s40YAhDQ61d3LCij/html5/lib/stylesheets/mobile.min.css" />
<file href="scormcontent/assets/s40YAhDQ61d3LCij/meta.xml" />
<file href="scormcontent/assets/s40YAhDQ61d3LCij/mobile/6K2qYLhPshi.png" />
<file href="scormcontent/assets/s40YAhDQ61d3LCij/story.html" />
<file href="scormcontent/assets/s40YAhDQ61d3LCij/story_content/thumbnail.jpg" />
<file href="scormcontent/assets/s40YAhDQ61d3LCij/story_content/user.js" />
<file href="scormcontent/assets/s40YAhDQ61d3LCij/threeSixty.json" />
<file href="scormcontent/assets/-swgkao5zxTLHEbg/analytics-frame.html" />
<file href="scormcontent/assets/-swgkao5zxTLHEbg/html5/data/css/output.min.css" />
<file href="scormcontent/assets/-swgkao5zxTLHEbg/html5/data/js/6bEkrrTML9O.js" />
<file href="scormcontent/assets/-swgkao5zxTLHEbg/html5/data/js/data.js" />
<file href="scormcontent/assets/-swgkao5zxTLHEbg/html5/data/js/frame.js" />
<file href="scormcontent/assets/-swgkao5zxTLHEbg/html5/data/js/paths.js" />
<file href="scormcontent/assets/-swgkao5zxTLHEbg/html5/lib/scripts/bootstrapper.min.js" />
<file href="scormcontent/assets/-swgkao5zxTLHEbg/html5/lib/scripts/frame.desktop.min.js" />
<file href="scormcontent/assets/-swgkao5zxTLHEbg/html5/lib/scripts/frame.mobile.min.js" />
<file href="scormcontent/assets/-swgkao5zxTLHEbg/html5/lib/scripts/slides.min.js" />
<file href="scormcontent/assets/-swgkao5zxTLHEbg/html5/lib/stylesheets/desktop.min.css" />
<file href="scormcontent/assets/-swgkao5zxTLHEbg/html5/lib/stylesheets/mobile-fonts/open-sans-bold.woff" />
<file href="scormcontent/assets/-swgkao5zxTLHEbg/html5/lib/stylesheets/mobile-fonts/open-sans-light.woff" />
<file href="scormcontent/assets/-swgkao5zxTLHEbg/html5/lib/stylesheets/mobile-fonts/open-sans-regular.woff" />
<file href="scormcontent/assets/-swgkao5zxTLHEbg/html5/lib/stylesheets/mobile.min.css" />
<file href="scormcontent/assets/-swgkao5zxTLHEbg/meta.xml" />
<file href="scormcontent/assets/-swgkao5zxTLHEbg/mobile/5d1LXSJO8RS_80_DX2314_DY2314_CX1735_CY1735.png" />
<file href="scormcontent/assets/-swgkao5zxTLHEbg/mobile/6IP1dkyQ1FE_80_DX256_DY256_CX126_CY163.png" />
<file href="scormcontent/assets/-swgkao5zxTLHEbg/mobile/6IP1dkyQ1FE_80_DX256_DY256_CX132_CY170.png" />
<file href="scormcontent/assets/-swgkao5zxTLHEbg/mobile/6IP1dkyQ1FE_80_DX256_DY256_CX142_CY183.png" />
<file href="scormcontent/assets/-swgkao5zxTLHEbg/mobile/6IP1dkyQ1FE_80_DX258_DY258_CX149_CY193.png" />
<file href="scormcontent/assets/-swgkao5zxTLHEbg/mobile/6bRFDRw0Skq_80_DX1168_DY1168_CX579_CY584.png" />
<file href="scormcontent/assets/-swgkao5zxTLHEbg/mobile/6h9F4F9bpPP_80_DX1168_DY1168_CX579_CY584.png" />
<file href="scormcontent/assets/-swgkao5zxTLHEbg/story.html" />
<file href="scormcontent/assets/-swgkao5zxTLHEbg/story_content/6kNDUvcHK7G.jpg" />
<file href="scormcontent/assets/-swgkao5zxTLHEbg/story_content/thumbnail.jpg" />
<file href="scormcontent/assets/-swgkao5zxTLHEbg/story_content/user.js" />
<file href="scormcontent/assets/-swgkao5zxTLHEbg/threeSixty.json" />
<file href="scormcontent/assets/7PV3R5tUoJWTlwKL/analytics-frame.html" />
<file href="scormcontent/assets/7PV3R5tUoJWTlwKL/html5/data/css/output.min.css" />
<file href="scormcontent/assets/7PV3R5tUoJWTlwKL/html5/data/js/6HHGv0Jb6lC.js" />
<file href="scormcontent/assets/7PV3R5tUoJWTlwKL/html5/data/js/data.js" />
<file href="scormcontent/assets/7PV3R5tUoJWTlwKL/html5/data/js/frame.js" />
<file href="scormcontent/assets/7PV3R5tUoJWTlwKL/html5/data/js/paths.js" />
<file href="scormcontent/assets/7PV3R5tUoJWTlwKL/html5/lib/scripts/bootstrapper.min.js" />
<file href="scormcontent/assets/7PV3R5tUoJWTlwKL/html5/lib/scripts/frame.desktop.min.js" />
<file href="scormcontent/assets/7PV3R5tUoJWTlwKL/html5/lib/scripts/frame.mobile.min.js" />
<file href="scormcontent/assets/7PV3R5tUoJWTlwKL/html5/lib/scripts/slides.min.js" />
<file href="scormcontent/assets/7PV3R5tUoJWTlwKL/html5/lib/stylesheets/desktop.min.css" />
<file href="scormcontent/assets/7PV3R5tUoJWTlwKL/html5/lib/stylesheets/mobile-fonts/open-sans-bold.woff" />
<file href="scormcontent/assets/7PV3R5tUoJWTlwKL/html5/lib/stylesheets/mobile-fonts/open-sans-light.woff" />
<file href="scormcontent/assets/7PV3R5tUoJWTlwKL/html5/lib/stylesheets/mobile-fonts/open-sans-regular.woff" />
<file href="scormcontent/assets/7PV3R5tUoJWTlwKL/html5/lib/stylesheets/mobile.min.css" />
<file href="scormcontent/assets/7PV3R5tUoJWTlwKL/meta.xml" />
<file href="scormcontent/assets/7PV3R5tUoJWTlwKL/mobile/6K2qYLhPshi.png" />
<file href="scormcontent/assets/7PV3R5tUoJWTlwKL/story.html" />
<file href="scormcontent/assets/7PV3R5tUoJWTlwKL/story_content/thumbnail.jpg" />
<file href="scormcontent/assets/7PV3R5tUoJWTlwKL/story_content/user.js" />
<file href="scormcontent/assets/7PV3R5tUoJWTlwKL/threeSixty.json" />
<file href="scormcontent/assets/k8t4qnhF8R-W9zxr/analytics-frame.html" />
<file href="scormcontent/assets/k8t4qnhF8R-W9zxr/html5/data/css/output.min.css" />
<file href="scormcontent/assets/k8t4qnhF8R-W9zxr/html5/data/js/6HHGv0Jb6lC.js" />
<file href="scormcontent/assets/k8t4qnhF8R-W9zxr/html5/data/js/data.js" />
<file href="scormcontent/assets/k8t4qnhF8R-W9zxr/html5/data/js/frame.js" />
<file href="scormcontent/assets/k8t4qnhF8R-W9zxr/html5/data/js/paths.js" />
<file href="scormcontent/assets/k8t4qnhF8R-W9zxr/html5/lib/scripts/bootstrapper.min.js" />
<file href="scormcontent/assets/k8t4qnhF8R-W9zxr/html5/lib/scripts/frame.desktop.min.js" />
<file href="scormcontent/assets/k8t4qnhF8R-W9zxr/html5/lib/scripts/frame.mobile.min.js" />
<file href="scormcontent/assets/k8t4qnhF8R-W9zxr/html5/lib/scripts/slides.min.js" />
<file href="scormcontent/assets/k8t4qnhF8R-W9zxr/html5/lib/stylesheets/desktop.min.css" />
<file href="scormcontent/assets/k8t4qnhF8R-W9zxr/html5/lib/stylesheets/mobile-fonts/open-sans-bold.woff" />
<file href="scormcontent/assets/k8t4qnhF8R-W9zxr/html5/lib/stylesheets/mobile-fonts/open-sans-light.woff" />
<file href="scormcontent/assets/k8t4qnhF8R-W9zxr/html5/lib/stylesheets/mobile-fonts/open-sans-regular.woff" />
<file href="scormcontent/assets/k8t4qnhF8R-W9zxr/html5/lib/stylesheets/mobile.min.css" />
<file href="scormcontent/assets/k8t4qnhF8R-W9zxr/meta.xml" />
<file href="scormcontent/assets/k8t4qnhF8R-W9zxr/mobile/6K2qYLhPshi.png" />
<file href="scormcontent/assets/k8t4qnhF8R-W9zxr/story.html" />
<file href="scormcontent/assets/k8t4qnhF8R-W9zxr/story_content/thumbnail.jpg" />
<file href="scormcontent/assets/k8t4qnhF8R-W9zxr/story_content/user.js" />
<file href="scormcontent/assets/k8t4qnhF8R-W9zxr/threeSixty.json" />
<file href="scormcontent/assets/crbnhOJLndvk3eFm/analytics-frame.html" />
<file href="scormcontent/assets/crbnhOJLndvk3eFm/html5/data/css/output.min.css" />
<file href="scormcontent/assets/crbnhOJLndvk3eFm/html5/data/js/6HHGv0Jb6lC.js" />
<file href="scormcontent/assets/crbnhOJLndvk3eFm/html5/data/js/data.js" />
<file href="scormcontent/assets/crbnhOJLndvk3eFm/html5/data/js/frame.js" />
<file href="scormcontent/assets/crbnhOJLndvk3eFm/html5/data/js/paths.js" />
<file href="scormcontent/assets/crbnhOJLndvk3eFm/html5/lib/scripts/bootstrapper.min.js" />
<file href="scormcontent/assets/crbnhOJLndvk3eFm/html5/lib/scripts/frame.desktop.min.js" />
<file href="scormcontent/assets/crbnhOJLndvk3eFm/html5/lib/scripts/frame.mobile.min.js" />
<file href="scormcontent/assets/crbnhOJLndvk3eFm/html5/lib/scripts/slides.min.js" />
<file href="scormcontent/assets/crbnhOJLndvk3eFm/html5/lib/stylesheets/desktop.min.css" />
<file href="scormcontent/assets/crbnhOJLndvk3eFm/html5/lib/stylesheets/mobile-fonts/open-sans-bold.woff" />
<file href="scormcontent/assets/crbnhOJLndvk3eFm/html5/lib/stylesheets/mobile-fonts/open-sans-light.woff" />
<file href="scormcontent/assets/crbnhOJLndvk3eFm/html5/lib/stylesheets/mobile-fonts/open-sans-regular.woff" />
<file href="scormcontent/assets/crbnhOJLndvk3eFm/html5/lib/stylesheets/mobile.min.css" />
<file href="scormcontent/assets/crbnhOJLndvk3eFm/meta.xml" />
<file href="scormcontent/assets/crbnhOJLndvk3eFm/mobile/6K2qYLhPshi.png" />
<file href="scormcontent/assets/crbnhOJLndvk3eFm/story.html" />
<file href="scormcontent/assets/crbnhOJLndvk3eFm/story_content/thumbnail.jpg" />
<file href="scormcontent/assets/crbnhOJLndvk3eFm/story_content/user.js" />
<file href="scormcontent/assets/crbnhOJLndvk3eFm/threeSixty.json" />
<file href="scormcontent/assets/UXdVt3i1DTXgZDVv/analytics-frame.html" />
<file href="scormcontent/assets/UXdVt3i1DTXgZDVv/html5/data/css/output.min.css" />
<file href="scormcontent/assets/UXdVt3i1DTXgZDVv/html5/data/js/6YskgaVNatn.js" />
<file href="scormcontent/assets/UXdVt3i1DTXgZDVv/html5/data/js/data.js" />
<file href="scormcontent/assets/UXdVt3i1DTXgZDVv/html5/data/js/frame.js" />
<file href="scormcontent/assets/UXdVt3i1DTXgZDVv/html5/data/js/paths.js" />
<file href="scormcontent/assets/UXdVt3i1DTXgZDVv/html5/lib/scripts/bootstrapper.min.js" />
<file href="scormcontent/assets/UXdVt3i1DTXgZDVv/html5/lib/scripts/frame.desktop.min.js" />
<file href="scormcontent/assets/UXdVt3i1DTXgZDVv/html5/lib/scripts/frame.mobile.min.js" />
<file href="scormcontent/assets/UXdVt3i1DTXgZDVv/html5/lib/scripts/slides.min.js" />
<file href="scormcontent/assets/UXdVt3i1DTXgZDVv/html5/lib/stylesheets/desktop.min.css" />
<file href="scormcontent/assets/UXdVt3i1DTXgZDVv/html5/lib/stylesheets/mobile-fonts/open-sans-bold.woff" />
<file href="scormcontent/assets/UXdVt3i1DTXgZDVv/html5/lib/stylesheets/mobile-fonts/open-sans-light.woff" />
<file href="scormcontent/assets/UXdVt3i1DTXgZDVv/html5/lib/stylesheets/mobile-fonts/open-sans-regular.woff" />
<file href="scormcontent/assets/UXdVt3i1DTXgZDVv/html5/lib/stylesheets/mobile.min.css" />
<file href="scormcontent/assets/UXdVt3i1DTXgZDVv/meta.xml" />
<file href="scormcontent/assets/UXdVt3i1DTXgZDVv/mobile/6IP1dkyQ1FE.png" />
<file href="scormcontent/assets/UXdVt3i1DTXgZDVv/story.html" />
<file href="scormcontent/assets/UXdVt3i1DTXgZDVv/story_content/6lWoP9be1JA.jpg" />
<file href="scormcontent/assets/UXdVt3i1DTXgZDVv/story_content/thumbnail.jpg" />
<file href="scormcontent/assets/UXdVt3i1DTXgZDVv/story_content/user.js" />
<file href="scormcontent/assets/UXdVt3i1DTXgZDVv/threeSixty.json" />
<file href="scormcontent/assets/Fj0DuqWKeRZJtSQk/analytics-frame.html" />
<file href="scormcontent/assets/Fj0DuqWKeRZJtSQk/html5/data/css/output.min.css" />
<file href="scormcontent/assets/Fj0DuqWKeRZJtSQk/html5/data/js/6HHGv0Jb6lC.js" />
<file href="scormcontent/assets/Fj0DuqWKeRZJtSQk/html5/data/js/data.js" />
<file href="scormcontent/assets/Fj0DuqWKeRZJtSQk/html5/data/js/frame.js" />
<file href="scormcontent/assets/Fj0DuqWKeRZJtSQk/html5/data/js/paths.js" />
<file href="scormcontent/assets/Fj0DuqWKeRZJtSQk/html5/lib/scripts/bootstrapper.min.js" />
<file href="scormcontent/assets/Fj0DuqWKeRZJtSQk/html5/lib/scripts/frame.desktop.min.js" />
<file href="scormcontent/assets/Fj0DuqWKeRZJtSQk/html5/lib/scripts/frame.mobile.min.js" />
<file href="scormcontent/assets/Fj0DuqWKeRZJtSQk/html5/lib/scripts/slides.min.js" />
<file href="scormcontent/assets/Fj0DuqWKeRZJtSQk/html5/lib/stylesheets/desktop.min.css" />
<file href="scormcontent/assets/Fj0DuqWKeRZJtSQk/html5/lib/stylesheets/mobile-fonts/open-sans-bold.woff" />
<file href="scormcontent/assets/Fj0DuqWKeRZJtSQk/html5/lib/stylesheets/mobile-fonts/open-sans-light.woff" />
<file href="scormcontent/assets/Fj0DuqWKeRZJtSQk/html5/lib/stylesheets/mobile-fonts/open-sans-regular.woff" />
<file href="scormcontent/assets/Fj0DuqWKeRZJtSQk/html5/lib/stylesheets/mobile.min.css" />
<file href="scormcontent/assets/Fj0DuqWKeRZJtSQk/meta.xml" />
<file href="scormcontent/assets/Fj0DuqWKeRZJtSQk/mobile/6K2qYLhPshi.png" />
<file href="scormcontent/assets/Fj0DuqWKeRZJtSQk/story.html" />
<file href="scormcontent/assets/Fj0DuqWKeRZJtSQk/story_content/thumbnail.jpg" />
<file href="scormcontent/assets/Fj0DuqWKeRZJtSQk/story_content/user.js" />
<file href="scormcontent/assets/Fj0DuqWKeRZJtSQk/threeSixty.json" />
<file href="scormcontent/assets/8Y8N_axAx6G6rhaP/analytics-frame.html" />
<file href="scormcontent/assets/8Y8N_axAx6G6rhaP/html5/data/css/output.min.css" />
<file href="scormcontent/assets/8Y8N_axAx6G6rhaP/html5/data/js/6YskgaVNatn.js" />
<file href="scormcontent/assets/8Y8N_axAx6G6rhaP/html5/data/js/data.js" />
<file href="scormcontent/assets/8Y8N_axAx6G6rhaP/html5/data/js/frame.js" />
<file href="scormcontent/assets/8Y8N_axAx6G6rhaP/html5/data/js/paths.js" />
<file href="scormcontent/assets/8Y8N_axAx6G6rhaP/html5/lib/scripts/bootstrapper.min.js" />
<file href="scormcontent/assets/8Y8N_axAx6G6rhaP/html5/lib/scripts/frame.desktop.min.js" />
<file href="scormcontent/assets/8Y8N_axAx6G6rhaP/html5/lib/scripts/frame.mobile.min.js" />
<file href="scormcontent/assets/8Y8N_axAx6G6rhaP/html5/lib/scripts/slides.min.js" />
<file href="scormcontent/assets/8Y8N_axAx6G6rhaP/html5/lib/stylesheets/desktop.min.css" />
<file href="scormcontent/assets/8Y8N_axAx6G6rhaP/html5/lib/stylesheets/mobile-fonts/open-sans-bold.woff" />
<file href="scormcontent/assets/8Y8N_axAx6G6rhaP/html5/lib/stylesheets/mobile-fonts/open-sans-light.woff" />
<file href="scormcontent/assets/8Y8N_axAx6G6rhaP/html5/lib/stylesheets/mobile-fonts/open-sans-regular.woff" />
<file href="scormcontent/assets/8Y8N_axAx6G6rhaP/html5/lib/stylesheets/mobile.min.css" />
<file href="scormcontent/assets/8Y8N_axAx6G6rhaP/meta.xml" />
<file href="scormcontent/assets/8Y8N_axAx6G6rhaP/mobile/6IP1dkyQ1FE.png" />
<file href="scormcontent/assets/8Y8N_axAx6G6rhaP/story.html" />
<file href="scormcontent/assets/8Y8N_axAx6G6rhaP/story_content/6lWoP9be1JA.jpg" />
<file href="scormcontent/assets/8Y8N_axAx6G6rhaP/story_content/thumbnail.jpg" />
<file href="scormcontent/assets/8Y8N_axAx6G6rhaP/story_content/user.js" />
<file href="scormcontent/assets/8Y8N_axAx6G6rhaP/threeSixty.json" />
<file href="scormcontent/assets/F8MZrT39wvhuWdpd/analytics-frame.html" />
<file href="scormcontent/assets/F8MZrT39wvhuWdpd/html5/data/css/output.min.css" />
<file href="scormcontent/assets/F8MZrT39wvhuWdpd/html5/data/js/6HHGv0Jb6lC.js" />
<file href="scormcontent/assets/F8MZrT39wvhuWdpd/html5/data/js/data.js" />
<file href="scormcontent/assets/F8MZrT39wvhuWdpd/html5/data/js/frame.js" />
<file href="scormcontent/assets/F8MZrT39wvhuWdpd/html5/data/js/paths.js" />
<file href="scormcontent/assets/F8MZrT39wvhuWdpd/html5/lib/scripts/bootstrapper.min.js" />
<file href="scormcontent/assets/F8MZrT39wvhuWdpd/html5/lib/scripts/frame.desktop.min.js" />
<file href="scormcontent/assets/F8MZrT39wvhuWdpd/html5/lib/scripts/frame.mobile.min.js" />
<file href="scormcontent/assets/F8MZrT39wvhuWdpd/html5/lib/scripts/slides.min.js" />
<file href="scormcontent/assets/F8MZrT39wvhuWdpd/html5/lib/stylesheets/desktop.min.css" />
<file href="scormcontent/assets/F8MZrT39wvhuWdpd/html5/lib/stylesheets/mobile-fonts/open-sans-bold.woff" />
<file href="scormcontent/assets/F8MZrT39wvhuWdpd/html5/lib/stylesheets/mobile-fonts/open-sans-light.woff" />
<file href="scormcontent/assets/F8MZrT39wvhuWdpd/html5/lib/stylesheets/mobile-fonts/open-sans-regular.woff" />
<file href="scormcontent/assets/F8MZrT39wvhuWdpd/html5/lib/stylesheets/mobile.min.css" />
<file href="scormcontent/assets/F8MZrT39wvhuWdpd/meta.xml" />
<file href="scormcontent/assets/F8MZrT39wvhuWdpd/mobile/6K2qYLhPshi.png" />
<file href="scormcontent/assets/F8MZrT39wvhuWdpd/story.html" />
<file href="scormcontent/assets/F8MZrT39wvhuWdpd/story_content/thumbnail.jpg" />
<file href="scormcontent/assets/F8MZrT39wvhuWdpd/story_content/user.js" />
<file href="scormcontent/assets/F8MZrT39wvhuWdpd/threeSixty.json" />
<file href="scormcontent/assets/_6m4R5CtRDfcOO_U/analytics-frame.html" />
<file href="scormcontent/assets/_6m4R5CtRDfcOO_U/html5/data/css/output.min.css" />
<file href="scormcontent/assets/_6m4R5CtRDfcOO_U/html5/data/js/6HHGv0Jb6lC.js" />
<file href="scormcontent/assets/_6m4R5CtRDfcOO_U/html5/data/js/data.js" />
<file href="scormcontent/assets/_6m4R5CtRDfcOO_U/html5/data/js/frame.js" />
<file href="scormcontent/assets/_6m4R5CtRDfcOO_U/html5/data/js/paths.js" />
<file href="scormcontent/assets/_6m4R5CtRDfcOO_U/html5/lib/scripts/bootstrapper.min.js" />
<file href="scormcontent/assets/_6m4R5CtRDfcOO_U/html5/lib/scripts/frame.desktop.min.js" />
<file href="scormcontent/assets/_6m4R5CtRDfcOO_U/html5/lib/scripts/frame.mobile.min.js" />
<file href="scormcontent/assets/_6m4R5CtRDfcOO_U/html5/lib/scripts/slides.min.js" />
<file href="scormcontent/assets/_6m4R5CtRDfcOO_U/html5/lib/stylesheets/desktop.min.css" />
<file href="scormcontent/assets/_6m4R5CtRDfcOO_U/html5/lib/stylesheets/mobile-fonts/open-sans-bold.woff" />
<file href="scormcontent/assets/_6m4R5CtRDfcOO_U/html5/lib/stylesheets/mobile-fonts/open-sans-light.woff" />
<file href="scormcontent/assets/_6m4R5CtRDfcOO_U/html5/lib/stylesheets/mobile-fonts/open-sans-regular.woff" />
<file href="scormcontent/assets/_6m4R5CtRDfcOO_U/html5/lib/stylesheets/mobile.min.css" />
<file href="scormcontent/assets/_6m4R5CtRDfcOO_U/meta.xml" />
<file href="scormcontent/assets/_6m4R5CtRDfcOO_U/mobile/6K2qYLhPshi.png" />
<file href="scormcontent/assets/_6m4R5CtRDfcOO_U/story.html" />
<file href="scormcontent/assets/_6m4R5CtRDfcOO_U/story_content/thumbnail.jpg" />
<file href="scormcontent/assets/_6m4R5CtRDfcOO_U/story_content/user.js" />
<file href="scormcontent/assets/_6m4R5CtRDfcOO_U/threeSixty.json" />
<file href="scormcontent/assets/BBlHenXHkKY2Zl-R/analytics-frame.html" />
<file href="scormcontent/assets/BBlHenXHkKY2Zl-R/html5/data/css/output.min.css" />
<file href="scormcontent/assets/BBlHenXHkKY2Zl-R/html5/data/js/6HHGv0Jb6lC.js" />
<file href="scormcontent/assets/BBlHenXHkKY2Zl-R/html5/data/js/data.js" />
<file href="scormcontent/assets/BBlHenXHkKY2Zl-R/html5/data/js/frame.js" />
<file href="scormcontent/assets/BBlHenXHkKY2Zl-R/html5/data/js/paths.js" />
<file href="scormcontent/assets/BBlHenXHkKY2Zl-R/html5/lib/scripts/bootstrapper.min.js" />
<file href="scormcontent/assets/BBlHenXHkKY2Zl-R/html5/lib/scripts/frame.desktop.min.js" />
<file href="scormcontent/assets/BBlHenXHkKY2Zl-R/html5/lib/scripts/frame.mobile.min.js" />
<file href="scormcontent/assets/BBlHenXHkKY2Zl-R/html5/lib/scripts/slides.min.js" />
<file href="scormcontent/assets/BBlHenXHkKY2Zl-R/html5/lib/stylesheets/desktop.min.css" />
<file href="scormcontent/assets/BBlHenXHkKY2Zl-R/html5/lib/stylesheets/mobile-fonts/open-sans-bold.woff" />
<file href="scormcontent/assets/BBlHenXHkKY2Zl-R/html5/lib/stylesheets/mobile-fonts/open-sans-light.woff" />
<file href="scormcontent/assets/BBlHenXHkKY2Zl-R/html5/lib/stylesheets/mobile-fonts/open-sans-regular.woff" />
<file href="scormcontent/assets/BBlHenXHkKY2Zl-R/html5/lib/stylesheets/mobile.min.css" />
<file href="scormcontent/assets/BBlHenXHkKY2Zl-R/meta.xml" />
<file href="scormcontent/assets/BBlHenXHkKY2Zl-R/mobile/6K2qYLhPshi.png" />
<file href="scormcontent/assets/BBlHenXHkKY2Zl-R/story.html" />
<file href="scormcontent/assets/BBlHenXHkKY2Zl-R/story_content/thumbnail.jpg" />
<file href="scormcontent/assets/BBlHenXHkKY2Zl-R/story_content/user.js" />
<file href="scormcontent/assets/BBlHenXHkKY2Zl-R/threeSixty.json" />
<file href="scormcontent/assets/K4ylYX2OrfXZAlwa/analytics-frame.html" />
<file href="scormcontent/assets/K4ylYX2OrfXZAlwa/html5/data/css/output.min.css" />
<file href="scormcontent/assets/K4ylYX2OrfXZAlwa/html5/data/js/6HHGv0Jb6lC.js" />
<file href="scormcontent/assets/K4ylYX2OrfXZAlwa/html5/data/js/data.js" />
<file href="scormcontent/assets/K4ylYX2OrfXZAlwa/html5/data/js/frame.js" />
<file href="scormcontent/assets/K4ylYX2OrfXZAlwa/html5/data/js/paths.js" />
<file href="scormcontent/assets/K4ylYX2OrfXZAlwa/html5/lib/scripts/bootstrapper.min.js" />
<file href="scormcontent/assets/K4ylYX2OrfXZAlwa/html5/lib/scripts/frame.desktop.min.js" />
<file href="scormcontent/assets/K4ylYX2OrfXZAlwa/html5/lib/scripts/frame.mobile.min.js" />
<file href="scormcontent/assets/K4ylYX2OrfXZAlwa/html5/lib/scripts/slides.min.js" />
<file href="scormcontent/assets/K4ylYX2OrfXZAlwa/html5/lib/stylesheets/desktop.min.css" />
<file href="scormcontent/assets/K4ylYX2OrfXZAlwa/html5/lib/stylesheets/mobile-fonts/open-sans-bold.woff" />
<file href="scormcontent/assets/K4ylYX2OrfXZAlwa/html5/lib/stylesheets/mobile-fonts/open-sans-light.woff" />
<file href="scormcontent/assets/K4ylYX2OrfXZAlwa/html5/lib/stylesheets/mobile-fonts/open-sans-regular.woff" />
<file href="scormcontent/assets/K4ylYX2OrfXZAlwa/html5/lib/stylesheets/mobile.min.css" />
<file href="scormcontent/assets/K4ylYX2OrfXZAlwa/meta.xml" />
<file href="scormcontent/assets/K4ylYX2OrfXZAlwa/mobile/6K2qYLhPshi.png" />
<file href="scormcontent/assets/K4ylYX2OrfXZAlwa/story.html" />
<file href="scormcontent/assets/K4ylYX2OrfXZAlwa/story_content/thumbnail.jpg" />
<file href="scormcontent/assets/K4ylYX2OrfXZAlwa/story_content/user.js" />
<file href="scormcontent/assets/K4ylYX2OrfXZAlwa/threeSixty.json" />
<file href="scormcontent/assets/mcWKflmXclDVbovC/analytics-frame.html" />
<file href="scormcontent/assets/mcWKflmXclDVbovC/html5/data/css/output.min.css" />
<file href="scormcontent/assets/mcWKflmXclDVbovC/html5/data/js/6YskgaVNatn.js" />
<file href="scormcontent/assets/mcWKflmXclDVbovC/html5/data/js/data.js" />
<file href="scormcontent/assets/mcWKflmXclDVbovC/html5/data/js/frame.js" />
<file href="scormcontent/assets/mcWKflmXclDVbovC/html5/data/js/paths.js" />
<file href="scormcontent/assets/mcWKflmXclDVbovC/html5/lib/scripts/bootstrapper.min.js" />
<file href="scormcontent/assets/mcWKflmXclDVbovC/html5/lib/scripts/frame.desktop.min.js" />
<file href="scormcontent/assets/mcWKflmXclDVbovC/html5/lib/scripts/frame.mobile.min.js" />
<file href="scormcontent/assets/mcWKflmXclDVbovC/html5/lib/scripts/slides.min.js" />
<file href="scormcontent/assets/mcWKflmXclDVbovC/html5/lib/stylesheets/desktop.min.css" />
<file href="scormcontent/assets/mcWKflmXclDVbovC/html5/lib/stylesheets/mobile-fonts/open-sans-bold.woff" />
<file href="scormcontent/assets/mcWKflmXclDVbovC/html5/lib/stylesheets/mobile-fonts/open-sans-light.woff" />
<file href="scormcontent/assets/mcWKflmXclDVbovC/html5/lib/stylesheets/mobile-fonts/open-sans-regular.woff" />
<file href="scormcontent/assets/mcWKflmXclDVbovC/html5/lib/stylesheets/mobile.min.css" />
<file href="scormcontent/assets/mcWKflmXclDVbovC/meta.xml" />
<file href="scormcontent/assets/mcWKflmXclDVbovC/mobile/6IP1dkyQ1FE.png" />
<file href="scormcontent/assets/mcWKflmXclDVbovC/story.html" />
<file href="scormcontent/assets/mcWKflmXclDVbovC/story_content/6lWoP9be1JA.jpg" />
<file href="scormcontent/assets/mcWKflmXclDVbovC/story_content/thumbnail.jpg" />
<file href="scormcontent/assets/mcWKflmXclDVbovC/story_content/user.js" />
<file href="scormcontent/assets/mcWKflmXclDVbovC/threeSixty.json" />
<file href="scormcontent/assets/j9IU-FmLgFavAJgC/analytics-frame.html" />
<file href="scormcontent/assets/j9IU-FmLgFavAJgC/html5/data/css/output.min.css" />
<file href="scormcontent/assets/j9IU-FmLgFavAJgC/html5/data/js/6YskgaVNatn.js" />
<file href="scormcontent/assets/j9IU-FmLgFavAJgC/html5/data/js/data.js" />
<file href="scormcontent/assets/j9IU-FmLgFavAJgC/html5/data/js/frame.js" />
<file href="scormcontent/assets/j9IU-FmLgFavAJgC/html5/data/js/paths.js" />
<file href="scormcontent/assets/j9IU-FmLgFavAJgC/html5/lib/scripts/bootstrapper.min.js" />
<file href="scormcontent/assets/j9IU-FmLgFavAJgC/html5/lib/scripts/frame.desktop.min.js" />
<file href="scormcontent/assets/j9IU-FmLgFavAJgC/html5/lib/scripts/frame.mobile.min.js" />
<file href="scormcontent/assets/j9IU-FmLgFavAJgC/html5/lib/scripts/slides.min.js" />
<file href="scormcontent/assets/j9IU-FmLgFavAJgC/html5/lib/stylesheets/desktop.min.css" />
<file href="scormcontent/assets/j9IU-FmLgFavAJgC/html5/lib/stylesheets/mobile-fonts/open-sans-bold.woff" />
<file href="scormcontent/assets/j9IU-FmLgFavAJgC/html5/lib/stylesheets/mobile-fonts/open-sans-light.woff" />
<file href="scormcontent/assets/j9IU-FmLgFavAJgC/html5/lib/stylesheets/mobile-fonts/open-sans-regular.woff" />
<file href="scormcontent/assets/j9IU-FmLgFavAJgC/html5/lib/stylesheets/mobile.min.css" />
<file href="scormcontent/assets/j9IU-FmLgFavAJgC/meta.xml" />
<file href="scormcontent/assets/j9IU-FmLgFavAJgC/mobile/6IP1dkyQ1FE.png" />
<file href="scormcontent/assets/j9IU-FmLgFavAJgC/story.html" />
<file href="scormcontent/assets/j9IU-FmLgFavAJgC/story_content/6lWoP9be1JA.jpg" />
<file href="scormcontent/assets/j9IU-FmLgFavAJgC/story_content/thumbnail.jpg" />
<file href="scormcontent/assets/j9IU-FmLgFavAJgC/story_content/user.js" />
<file href="scormcontent/assets/j9IU-FmLgFavAJgC/threeSixty.json" />
<file href="scormcontent/assets/6oskpHoKnFhajEGz/analytics-frame.html" />
<file href="scormcontent/assets/6oskpHoKnFhajEGz/html5/data/css/output.min.css" />
<file href="scormcontent/assets/6oskpHoKnFhajEGz/html5/data/js/6HHGv0Jb6lC.js" />
<file href="scormcontent/assets/6oskpHoKnFhajEGz/html5/data/js/data.js" />
<file href="scormcontent/assets/6oskpHoKnFhajEGz/html5/data/js/frame.js" />
<file href="scormcontent/assets/6oskpHoKnFhajEGz/html5/data/js/paths.js" />
<file href="scormcontent/assets/6oskpHoKnFhajEGz/html5/lib/scripts/bootstrapper.min.js" />
<file href="scormcontent/assets/6oskpHoKnFhajEGz/html5/lib/scripts/frame.desktop.min.js" />
<file href="scormcontent/assets/6oskpHoKnFhajEGz/html5/lib/scripts/frame.mobile.min.js" />
<file href="scormcontent/assets/6oskpHoKnFhajEGz/html5/lib/scripts/slides.min.js" />
<file href="scormcontent/assets/6oskpHoKnFhajEGz/html5/lib/stylesheets/desktop.min.css" />
<file href="scormcontent/assets/6oskpHoKnFhajEGz/html5/lib/stylesheets/mobile-fonts/open-sans-bold.woff" />
<file href="scormcontent/assets/6oskpHoKnFhajEGz/html5/lib/stylesheets/mobile-fonts/open-sans-light.woff" />
<file href="scormcontent/assets/6oskpHoKnFhajEGz/html5/lib/stylesheets/mobile-fonts/open-sans-regular.woff" />
<file href="scormcontent/assets/6oskpHoKnFhajEGz/html5/lib/stylesheets/mobile.min.css" />
<file href="scormcontent/assets/6oskpHoKnFhajEGz/meta.xml" />
<file href="scormcontent/assets/6oskpHoKnFhajEGz/mobile/6K2qYLhPshi.png" />
<file href="scormcontent/assets/6oskpHoKnFhajEGz/story.html" />
<file href="scormcontent/assets/6oskpHoKnFhajEGz/story_content/thumbnail.jpg" />
<file href="scormcontent/assets/6oskpHoKnFhajEGz/story_content/user.js" />
<file href="scormcontent/assets/6oskpHoKnFhajEGz/threeSixty.json" />
<file href="scormcontent/lib/fonts/Lato-Black.woff" />
<file href="scormcontent/lib/fonts/Lato-Italic.woff" />
<file href="scormcontent/lib/fonts/Lato-Bold.woff" />
<file href="scormcontent/lib/fonts/Lato-Regular.woff" />
<file href="scormcontent/lib/fonts/Lato-Light.woff" />
<file href="scormcontent/lib/fonts/Merriweather-Black.woff" />
<file href="scormcontent/lib/fonts/Merriweather-Italic.woff" />
<file href="scormcontent/lib/fonts/Merriweather-Bold.woff" />
<file href="scormcontent/lib/fonts/Merriweather-Regular.woff" />
<file href="scormcontent/lib/fonts/Merriweather-Light.woff" />
<file href="scormcontent/assets/XEBzMMJQF7V834n8_small.png" />
<file href="scormcontent/assets/drcOb7SAUOvMftV7_story.html" />
<file href="scormcontent/assets/E5hxyhP86EspQgIH_story.html" />
<file href="scormcontent/assets/S3xi_zL01Rv5id0B_jXFVJE7uQSYPoqFk.png" />
<file href="scormcontent/assets/2wV3acZqYfDccvNA_bPmORFDX0ZkioWb-.png" />
<file href="scormcontent/assets/SS5gsYTsxZpsJLvm_story.html" />
<file href="scormcontent/assets/DrXVWAu8oD_8kH1-_story.html" />
<file href="scormcontent/assets/lMD0VEFFPtwWK-C8_story.html" />
<file href="scormcontent/assets/rJavFU0X2vJ8p3ga_quote_background.jpg" />
<file href="scormcontent/assets/EjhnOWa_bhZfJTyO_UQijs22Y6WNjYh_k.png" />
<file href="scormcontent/assets/SOuvImlou1lm8tMS_sAsn_SfLIFjfxdYk.jpg" />
<file href="scormcontent/assets/MUHhXL9zR02HiTET_story.html" />
<file href="scormcontent/assets/HxRGjpQRKin4FgXm_xcZJ3n6iirY-7JQJ.png" />
<file href="scormcontent/assets/xun42o3Gjl7ziGt6_-Idy3VoD29qtPY4p.jpg" />
<file href="scormcontent/assets/q7Gwk_gblOI6UVfE_6Df-bnb_jmdLB3Lc.png" />
<file href="scormcontent/assets/0TyIBavBB_qMyeM4_story.html" />
<file href="scormcontent/assets/drL_McIjY0oI4XSE_ItCq95iJ0CWpJiu2.gif" />
<file href="scormcontent/assets/e_iK2MgCFfpau_Tl_story.html" />
<file href="scormcontent/assets/X4FcUbJMf-soxfiy_u8hrk6YysGwKQ5YN.png" />
<file href="scormcontent/assets/OGWa88v2NbfWFTmO_story.html" />
<file href="scormcontent/assets/OJe7m5YG1THmr04f_RK-VJJp32enDFPK9.gif" />
<file href="scormcontent/assets/Q4IIx5RBKmwiYUIH_mountains.jpg" />
<file href="scormcontent/assets/AURJJF4MKnleRNqQ_ca9nuREn7G_Olueg.gif" />
<file href="scormcontent/assets/898H9aDcgx09tEDA_fV8aTfyFzTVgvZNd.gif" />
<file href="scormcontent/assets/PR5ujB3mFVNSbuVG_story.html" />
<file href="scormcontent/assets/ydpsXjHpOJSGIH1__story.html" />
<file href="scormcontent/assets/p8jls815CPHfd6Wv_yHhWoaRZYeJz0ozE.gif" />
<file href="scormcontent/assets/t5HAewSzWOYR29Md_story.html" />
<file href="scormcontent/assets/9KG43Vd35eNsnqUF_muontClA081du4GH.jpg" />
<file href="scormcontent/assets/VeJZnoO6jYJK85sl_73vGWe-i9FVRLpQX.jpg" />
<file href="scormcontent/assets/r4gcRVGUtFLurGZZ_story.html" />
<file href="scormcontent/assets/vQNXdVjDsdPLmwvk_story.html" />
<file href="scormcontent/assets/DbzLWlVLtZbeMbn__KO88F4ZSdlfIYtQL.jpg" />
<file href="scormcontent/assets/15eV1jZz4bzLwxSp_Prl4yyJosPmZl17y.png" />
<file href="scormcontent/assets/ID4mY03WddETNj98_story.html" />
<file href="scormcontent/assets/ZkfGiM5_dGqzUT-V_story.html" />
<file href="scormcontent/assets/vAtKgMhAgzdjzaIM_-uXP_wHq5DQ4r6CW.jpg" />
<file href="scormcontent/assets/YttqG7es7-_544FV_XpDD3PRkHt4uyZw8.jpg" />
<file href="scormcontent/assets/UcpvkZRu5oVF888i_-6UH2fxJBGzuTKrS.png" />
<file href="scormcontent/assets/H87U90YdtvcleMyw_Yx2A14_1wbj52Qyt.jpg" />
<file href="scormcontent/assets/J44maDHD1WiijRmt_VtxIO04ufsU99yCn.jpg" />
<file href="scormcontent/assets/V9uHZ5D4-1wSc1V2_ThR8tX5kixlA8hRG.jpg" />
<file href="scormcontent/assets/s1PmeLdk2JCk9aqM_story.html" />
<file href="scormcontent/assets/AyzY6VYnQxXvsHaa_gdv5JgclPm3RTMTU.jpg" />
<file href="scormcontent/assets/0bkKLgbb1MBR-bSd_MxIj0ALo8t6z6R06.jpg" />
<file href="scormcontent/assets/jKP-VLlwD-DFf-_Q_story.html" />
<file href="scormcontent/assets/C1R4eVNLSKh-B_UU_k7qJ0XpxjLUluOMG.png" />
<file href="scormcontent/assets/z4nEllXAffsHu4lr_Rs0kdfah0MEMTC3z.jpg" />
<file href="scormcontent/assets/PPJ4RBEJJuZEeUsg_story.html" />
<file href="scormcontent/assets/QKJT2MeHNLS3F9rd_QhiYHr7_zEtpMoZu.png" />
<file href="scormcontent/assets/DzOqdMZFDnW4uiXA_story.html" />
<file href="scormcontent/assets/bM5-C3DX--7JiBnE_YYEceBgIBm-m_pz6.png" />
<file href="scormcontent/assets/pNRAT8_erdMuXRtm_story.html" />
<file href="scormcontent/assets/h_RBXVMrwiQtm6wK_GPdipKwr7OV1oLEd.png" />
<file href="scormcontent/assets/jxtnaL0W2rl1SYrf_story.html" />
<file href="scormcontent/assets/Nh-bbGgWgz-bdrUf_dfdR80k1yjVVN5d3.png" />
<file href="scormcontent/assets/JDz50UckMcfhgQRB_story.html" />
<file href="scormcontent/assets/S77kyHE-F1sdzZJF_EbyaXr0yXCASrcKG.png" />
<file href="scormcontent/assets/1VEKus982Qv9SzPk_story.html" />
<file href="scormcontent/assets/hDPKxjqFF5l8JqkF_hb5qRtcZJ42Qyn37.png" />
<file href="scormcontent/assets/z_PxohTjdPj4wbW0_S23xNQpdd_cH3fdj.png" />
<file href="scormcontent/assets/eE9D0dI0Wk6-wZ3O_story.html" />
<file href="scormcontent/assets/M2AAPBmz-gfWDBlF_story.html" />
<file href="scormcontent/assets/1MknJVbbxvCNjcyo_ZMV_RzUTt7ShoZLD.jpg" />
<file href="scormcontent/assets/XKT_O6KpF3bp7Sms_uAoXT0sLHQ7nt4ac.jpg" />
<file href="scormcontent/assets/f3sF6gzSl8YChTY2_30_cities.jpg" />
<file href="scormcontent/assets/7RkDioZYvttasnEF_example-header-image.jpg" />

    </resource>
  </resources>
</manifest>
