<?xml version="1.0" ?>
<manifest identifier="AEYc1991Ek6cWJyqViwrUXVi9if7WhVR_FGkIU0d" version="1"
  xmlns="http://www.imsproject.org/xsd/imscp_rootv1p1p2"
  xmlns:adlcp="http://www.adlnet.org/xsd/adlcp_rootv1p2"
  xmlns:xsi="http://www.w3.org/2001/XMLSchema-instance"
  xsi:schemaLocation="http://www.imsproject.org/xsd/imscp_rootv1p1p2 imscp_rootv1p1p2.xsd
                      http://www.adlnet.org/xsd/adlcp_rootv1p2 adlcp_rootv1p2.xsd">
  <metadata>
    <schema>ADL SCORM</schema>
    <schemaversion>1.2</schemaversion>
    <adlcp:location>metadata.xml</adlcp:location>
  </metadata>
  <organizations default="articulate_rise">
      <organization identifier="articulate_rise">
      <title>The Application of Neutron Activation Analysis to Forensic Sciences</title>
      <item identifier="i1" identifierref="r1" isvisible="true">
        <title>The Application of Neutron Activation Analysis to Forensic Sciences</title>
        <adlcp:datafromlms>eyJjcHYiOiJfRkdrSVUwZCIsInJsZCI6ZmFsc2V9</adlcp:datafromlms>
      </item>
    </organization>
  </organizations>
  <resources>
    <resource identifier="r1" type="webcontent" adlcp:scormtype="sco" href="scormdriver/indexAPI.html">
      <!-- SCORMDRIVER STUFF -->
      <file href="scormdriver/indexAPI.html" />
      <file href="scormdriver/preloadIntegrity.js" />
      <file href="scormdriver/driverOptions.js" />
      <file href="scormdriver/AICCComm.html" />
      <file href="scormdriver/auto-scripts/AutoBookmark.js" />
      <file href="scormdriver/auto-scripts/AutoCompleteSCO.js" />
      <file href="scormdriver/auto-scripts/CourseExit.js" />
      <file href="scormdriver/blank.html" />
      <file href="scormdriver/goodbye.html" />
      <file href="scormdriver/scormdriver.js" />
      <file href="scormdriver/browsersniff.js" />

      <!-- RUNTIME COMMON STUFF -->
      <file href="scormcontent/index.html" />
      <file href="scormcontent/lib/main.bundle.js"/>

      
        <file href="scormcontent/lib/fonts/icomoon.ttf"/>
        <file href="scormcontent/lib/fonts/icomoon.woff"/>

        <file href="scormcontent/lib/icomoon.css"/>
        <file href="scormcontent/lib/main.bundle.css"/>
        <file href="scormcontent/lib/player-0.0.11.min.js"/>
        <file href="scormcontent/lib/lzwcompress.js"/>
      

      <!-- RUNTIME CONTENT STUFF -->
      <file href="scormcontent/assets/M9BMBj2Vf6LY_Nrz/player-interface.js" />
<file href="scormcontent/assets/s1rS_ElboH60Po_Y/player-interface.js" />
<file href="scormcontent/assets/CoSZwAKsJ1MjUTg1/player-interface.js" />
<file href="scormcontent/assets/M9BMBj2Vf6LY_Nrz/analytics-frame.html" />
<file href="scormcontent/assets/M9BMBj2Vf6LY_Nrz/html5/data/css/output.min.css" />
<file href="scormcontent/assets/M9BMBj2Vf6LY_Nrz/html5/data/js/65tDSw5XCEm.js" />
<file href="scormcontent/assets/M9BMBj2Vf6LY_Nrz/html5/data/js/data.js" />
<file href="scormcontent/assets/M9BMBj2Vf6LY_Nrz/html5/data/js/frame.js" />
<file href="scormcontent/assets/M9BMBj2Vf6LY_Nrz/html5/data/js/paths.js" />
<file href="scormcontent/assets/M9BMBj2Vf6LY_Nrz/html5/lib/scripts/bootstrapper.min.js" />
<file href="scormcontent/assets/M9BMBj2Vf6LY_Nrz/html5/lib/scripts/frame.desktop.min.js" />
<file href="scormcontent/assets/M9BMBj2Vf6LY_Nrz/html5/lib/scripts/frame.mobile.min.js" />
<file href="scormcontent/assets/M9BMBj2Vf6LY_Nrz/html5/lib/scripts/slides.min.js" />
<file href="scormcontent/assets/M9BMBj2Vf6LY_Nrz/html5/lib/stylesheets/desktop.min.css" />
<file href="scormcontent/assets/M9BMBj2Vf6LY_Nrz/html5/lib/stylesheets/mobile-fonts/open-sans-bold.woff" />
<file href="scormcontent/assets/M9BMBj2Vf6LY_Nrz/html5/lib/stylesheets/mobile-fonts/open-sans-light.woff" />
<file href="scormcontent/assets/M9BMBj2Vf6LY_Nrz/html5/lib/stylesheets/mobile-fonts/open-sans-regular.woff" />
<file href="scormcontent/assets/M9BMBj2Vf6LY_Nrz/html5/lib/stylesheets/mobile.min.css" />
<file href="scormcontent/assets/M9BMBj2Vf6LY_Nrz/meta.xml" />
<file href="scormcontent/assets/M9BMBj2Vf6LY_Nrz/mobile/5Vz098vynn4.png" />
<file href="scormcontent/assets/M9BMBj2Vf6LY_Nrz/mobile/5WdrCvq2U5H.png" />
<file href="scormcontent/assets/M9BMBj2Vf6LY_Nrz/mobile/5Yu2nJ3Vgbk.png" />
<file href="scormcontent/assets/M9BMBj2Vf6LY_Nrz/mobile/5fM4zUCPc6Y.png" />
<file href="scormcontent/assets/M9BMBj2Vf6LY_Nrz/mobile/5x8TYmUEaEr.png" />
<file href="scormcontent/assets/M9BMBj2Vf6LY_Nrz/mobile/5yAd6Ix45g4.png" />
<file href="scormcontent/assets/M9BMBj2Vf6LY_Nrz/mobile/5yEhLDpzep2.png" />
<file href="scormcontent/assets/M9BMBj2Vf6LY_Nrz/mobile/61KMqg2Ktoo.png" />
<file href="scormcontent/assets/M9BMBj2Vf6LY_Nrz/mobile/68irGGI8GzY.png" />
<file href="scormcontent/assets/M9BMBj2Vf6LY_Nrz/mobile/6C3NSLxGioP.png" />
<file href="scormcontent/assets/M9BMBj2Vf6LY_Nrz/mobile/6Dr90MbPkSC.png" />
<file href="scormcontent/assets/M9BMBj2Vf6LY_Nrz/mobile/6Hx4x1xD4D1.png" />
<file href="scormcontent/assets/M9BMBj2Vf6LY_Nrz/mobile/6Jxbclg8nza.png" />
<file href="scormcontent/assets/M9BMBj2Vf6LY_Nrz/mobile/6PXJpA8hQ9E.png" />
<file href="scormcontent/assets/M9BMBj2Vf6LY_Nrz/mobile/6QKol1AqCf0.png" />
<file href="scormcontent/assets/M9BMBj2Vf6LY_Nrz/mobile/6UkfnHZMRFr.png" />
<file href="scormcontent/assets/M9BMBj2Vf6LY_Nrz/mobile/6Z5C7X2XO0a.png" />
<file href="scormcontent/assets/M9BMBj2Vf6LY_Nrz/mobile/6gO538jC9o8.png" />
<file href="scormcontent/assets/M9BMBj2Vf6LY_Nrz/mobile/6iZzg3hu1t6.png" />
<file href="scormcontent/assets/M9BMBj2Vf6LY_Nrz/mobile/6roujUE1Lsn.png" />
<file href="scormcontent/assets/M9BMBj2Vf6LY_Nrz/story.html" />
<file href="scormcontent/assets/M9BMBj2Vf6LY_Nrz/story_content/thumbnail.jpg" />
<file href="scormcontent/assets/M9BMBj2Vf6LY_Nrz/story_content/user.js" />
<file href="scormcontent/assets/M9BMBj2Vf6LY_Nrz/threeSixty.json" />
<file href="scormcontent/assets/s1rS_ElboH60Po_Y/analytics-frame.html" />
<file href="scormcontent/assets/s1rS_ElboH60Po_Y/html5/data/css/output.min.css" />
<file href="scormcontent/assets/s1rS_ElboH60Po_Y/html5/data/js/6HHGv0Jb6lC.js" />
<file href="scormcontent/assets/s1rS_ElboH60Po_Y/html5/data/js/data.js" />
<file href="scormcontent/assets/s1rS_ElboH60Po_Y/html5/data/js/frame.js" />
<file href="scormcontent/assets/s1rS_ElboH60Po_Y/html5/data/js/paths.js" />
<file href="scormcontent/assets/s1rS_ElboH60Po_Y/html5/lib/scripts/bootstrapper.min.js" />
<file href="scormcontent/assets/s1rS_ElboH60Po_Y/html5/lib/scripts/frame.desktop.min.js" />
<file href="scormcontent/assets/s1rS_ElboH60Po_Y/html5/lib/scripts/frame.mobile.min.js" />
<file href="scormcontent/assets/s1rS_ElboH60Po_Y/html5/lib/scripts/slides.min.js" />
<file href="scormcontent/assets/s1rS_ElboH60Po_Y/html5/lib/stylesheets/desktop.min.css" />
<file href="scormcontent/assets/s1rS_ElboH60Po_Y/html5/lib/stylesheets/mobile-fonts/open-sans-bold.woff" />
<file href="scormcontent/assets/s1rS_ElboH60Po_Y/html5/lib/stylesheets/mobile-fonts/open-sans-light.woff" />
<file href="scormcontent/assets/s1rS_ElboH60Po_Y/html5/lib/stylesheets/mobile-fonts/open-sans-regular.woff" />
<file href="scormcontent/assets/s1rS_ElboH60Po_Y/html5/lib/stylesheets/mobile.min.css" />
<file href="scormcontent/assets/s1rS_ElboH60Po_Y/meta.xml" />
<file href="scormcontent/assets/s1rS_ElboH60Po_Y/mobile/5ZWgI20Zkcl.png" />
<file href="scormcontent/assets/s1rS_ElboH60Po_Y/mobile/5eDYfJ6MVHy.png" />
<file href="scormcontent/assets/s1rS_ElboH60Po_Y/mobile/5gOToC4oN2W.png" />
<file href="scormcontent/assets/s1rS_ElboH60Po_Y/mobile/5gadC8SUB1O.png" />
<file href="scormcontent/assets/s1rS_ElboH60Po_Y/mobile/5iLHQL97Ghi.png" />
<file href="scormcontent/assets/s1rS_ElboH60Po_Y/mobile/5lCLQ47lNz7.png" />
<file href="scormcontent/assets/s1rS_ElboH60Po_Y/mobile/5mHhltyqtTV.png" />
<file href="scormcontent/assets/s1rS_ElboH60Po_Y/mobile/5qWbjZ7tHxB.png" />
<file href="scormcontent/assets/s1rS_ElboH60Po_Y/mobile/5uMf0ZzcIBi.png" />
<file href="scormcontent/assets/s1rS_ElboH60Po_Y/mobile/65ebaO9WkCE.png" />
<file href="scormcontent/assets/s1rS_ElboH60Po_Y/mobile/68Dfrs6FvBe.png" />
<file href="scormcontent/assets/s1rS_ElboH60Po_Y/mobile/6ARHKvOo67g.png" />
<file href="scormcontent/assets/s1rS_ElboH60Po_Y/mobile/6Fy2PGWOz8o.png" />
<file href="scormcontent/assets/s1rS_ElboH60Po_Y/mobile/6M1lkQPiKGy.png" />
<file href="scormcontent/assets/s1rS_ElboH60Po_Y/mobile/6Ob0kPQFk15.png" />
<file href="scormcontent/assets/s1rS_ElboH60Po_Y/mobile/6Oqx4DodEIK.png" />
<file href="scormcontent/assets/s1rS_ElboH60Po_Y/mobile/6PeznC7LsAf.png" />
<file href="scormcontent/assets/s1rS_ElboH60Po_Y/mobile/6Q3hpArUSRU.png" />
<file href="scormcontent/assets/s1rS_ElboH60Po_Y/mobile/6QCIzzn9zU6.png" />
<file href="scormcontent/assets/s1rS_ElboH60Po_Y/mobile/6QeA8nkwuS6.png" />
<file href="scormcontent/assets/s1rS_ElboH60Po_Y/mobile/6RrybX11LMm.png" />
<file href="scormcontent/assets/s1rS_ElboH60Po_Y/mobile/6a6qZq0WSWR.png" />
<file href="scormcontent/assets/s1rS_ElboH60Po_Y/mobile/6bRFmv8yymQ.png" />
<file href="scormcontent/assets/s1rS_ElboH60Po_Y/mobile/6f2SoBFgzZa.png" />
<file href="scormcontent/assets/s1rS_ElboH60Po_Y/mobile/6lQJ5RDUGvQ.png" />
<file href="scormcontent/assets/s1rS_ElboH60Po_Y/mobile/6otwidM9mJS.png" />
<file href="scormcontent/assets/s1rS_ElboH60Po_Y/mobile/6rLYtJPhzrT.png" />
<file href="scormcontent/assets/s1rS_ElboH60Po_Y/story.html" />
<file href="scormcontent/assets/s1rS_ElboH60Po_Y/story_content/thumbnail.jpg" />
<file href="scormcontent/assets/s1rS_ElboH60Po_Y/story_content/user.js" />
<file href="scormcontent/assets/s1rS_ElboH60Po_Y/threeSixty.json" />
<file href="scormcontent/assets/CoSZwAKsJ1MjUTg1/analytics-frame.html" />
<file href="scormcontent/assets/CoSZwAKsJ1MjUTg1/html5/data/css/output.min.css" />
<file href="scormcontent/assets/CoSZwAKsJ1MjUTg1/html5/data/js/5kRfj9RTrIj.js" />
<file href="scormcontent/assets/CoSZwAKsJ1MjUTg1/html5/data/js/data.js" />
<file href="scormcontent/assets/CoSZwAKsJ1MjUTg1/html5/data/js/frame.js" />
<file href="scormcontent/assets/CoSZwAKsJ1MjUTg1/html5/data/js/paths.js" />
<file href="scormcontent/assets/CoSZwAKsJ1MjUTg1/html5/lib/scripts/bootstrapper.min.js" />
<file href="scormcontent/assets/CoSZwAKsJ1MjUTg1/html5/lib/scripts/frame.desktop.min.js" />
<file href="scormcontent/assets/CoSZwAKsJ1MjUTg1/html5/lib/scripts/frame.mobile.min.js" />
<file href="scormcontent/assets/CoSZwAKsJ1MjUTg1/html5/lib/scripts/slides.min.js" />
<file href="scormcontent/assets/CoSZwAKsJ1MjUTg1/html5/lib/stylesheets/desktop.min.css" />
<file href="scormcontent/assets/CoSZwAKsJ1MjUTg1/html5/lib/stylesheets/mobile-fonts/open-sans-bold.woff" />
<file href="scormcontent/assets/CoSZwAKsJ1MjUTg1/html5/lib/stylesheets/mobile-fonts/open-sans-light.woff" />
<file href="scormcontent/assets/CoSZwAKsJ1MjUTg1/html5/lib/stylesheets/mobile-fonts/open-sans-regular.woff" />
<file href="scormcontent/assets/CoSZwAKsJ1MjUTg1/html5/lib/stylesheets/mobile.min.css" />
<file href="scormcontent/assets/CoSZwAKsJ1MjUTg1/meta.xml" />
<file href="scormcontent/assets/CoSZwAKsJ1MjUTg1/mobile/5bsncQmTKqL.gif" />
<file href="scormcontent/assets/CoSZwAKsJ1MjUTg1/mobile/5ela0TH8UdM.gif" />
<file href="scormcontent/assets/CoSZwAKsJ1MjUTg1/mobile/5hYaHX7YbNO.gif" />
<file href="scormcontent/assets/CoSZwAKsJ1MjUTg1/mobile/5tvwujsZP0A.gif" />
<file href="scormcontent/assets/CoSZwAKsJ1MjUTg1/mobile/5xHRHfEIGXx.gif" />
<file href="scormcontent/assets/CoSZwAKsJ1MjUTg1/mobile/69j3WYfIrHC.png" />
<file href="scormcontent/assets/CoSZwAKsJ1MjUTg1/mobile/6CXTbXLs52K.gif" />
<file href="scormcontent/assets/CoSZwAKsJ1MjUTg1/mobile/6QeI471GExx.gif" />
<file href="scormcontent/assets/CoSZwAKsJ1MjUTg1/mobile/6UA2XQxHw0N.gif" />
<file href="scormcontent/assets/CoSZwAKsJ1MjUTg1/mobile/6iRDdCLcEi3.png" />
<file href="scormcontent/assets/CoSZwAKsJ1MjUTg1/mobile/6mDlhT8Owgn.gif" />
<file href="scormcontent/assets/CoSZwAKsJ1MjUTg1/story.html" />
<file href="scormcontent/assets/CoSZwAKsJ1MjUTg1/story_content/thumbnail.jpg" />
<file href="scormcontent/assets/CoSZwAKsJ1MjUTg1/story_content/user.js" />
<file href="scormcontent/assets/CoSZwAKsJ1MjUTg1/threeSixty.json" />
<file href="scormcontent/lib/fonts/Lato-Black.woff" />
<file href="scormcontent/lib/fonts/Lato-Italic.woff" />
<file href="scormcontent/lib/fonts/Lato-Bold.woff" />
<file href="scormcontent/lib/fonts/Lato-Regular.woff" />
<file href="scormcontent/lib/fonts/Lato-Light.woff" />
<file href="scormcontent/lib/fonts/Merriweather-Black.woff" />
<file href="scormcontent/lib/fonts/Merriweather-Italic.woff" />
<file href="scormcontent/lib/fonts/Merriweather-Bold.woff" />
<file href="scormcontent/lib/fonts/Merriweather-Regular.woff" />
<file href="scormcontent/lib/fonts/Merriweather-Light.woff" />
<file href="scormcontent/assets/5K0tOnJPIPKqJJ-B_small.png" />
<file href="scormcontent/assets/4GIcRCkGLkrxsNme_GoSombSHveLvX-Un.png" />
<file href="scormcontent/assets/oMHbps9_O1ucO1Ce_jXFVJE7uQSYPoqFk.png" />
<file href="scormcontent/assets/sfOL4LAfSUTvMaFa_bPmORFDX0ZkioWb-.png" />
<file href="scormcontent/assets/em6LrtMtdjYXaDe2_story.html" />
<file href="scormcontent/assets/qM0-FxmfxjGRolwq_story.html" />
<file href="scormcontent/assets/aAh37vsB6sUCXgc8_SMCXJHAWrW0CVid8.png" />
<file href="scormcontent/assets/HgsracCFyBmq8_PE_U92rLU-wr1yfqvRM.png" />
<file href="scormcontent/assets/7-QHzjDovMeTiUVW_quote_background.jpg" />
<file href="scormcontent/assets/s5KIjKB0Y_HWTX6U_UQijs22Y6WNjYh_k.png" />
<file href="scormcontent/assets/O3AUzMTnrf0m7BHO_sAsn_SfLIFjfxdYk.jpg" />
<file href="scormcontent/assets/pp70VB_R445k1rfP_zu3ZbtLJnvodFujh.png" />
<file href="scormcontent/assets/bNbrQ67D8ucr4uzV_xcZJ3n6iirY-7JQJ.png" />
<file href="scormcontent/assets/IyeJQ8jLB3Tafh9Z_-Idy3VoD29qtPY4p.jpg" />
<file href="scormcontent/assets/iDWWgBHgs5UZ5u8f_6Df-bnb_jmdLB3Lc.png" />
<file href="scormcontent/assets/jozeII8Inz61yLq1_yM_bg_LCY1w6RCgo.png" />
<file href="scormcontent/assets/eLztWWm42Ittgqp-_ItCq95iJ0CWpJiu2.gif" />
<file href="scormcontent/assets/bAbY_t_gEulS0VRJ_q96WXEY_aUREr6eZ.png" />
<file href="scormcontent/assets/q-P6O5Bh6p8Hcbim_u8hrk6YysGwKQ5YN.png" />
<file href="scormcontent/assets/aUWssgzcr4IhYza2_story.html" />
<file href="scormcontent/assets/XRpX1_IyJSD9XlFS_RK-VJJp32enDFPK9.gif" />
<file href="scormcontent/assets/tvp0NX9t2yKUAPxh_mountains.jpg" />
<file href="scormcontent/assets/R8eP62VWdDsxMziR_ca9nuREn7G_Olueg.gif" />
<file href="scormcontent/assets/G9szTnM1muLPGKP4_fV8aTfyFzTVgvZNd.gif" />
<file href="scormcontent/assets/0ZxoxAo643VtJ3xi_xW2nBzCc8CgphgF0.png" />
<file href="scormcontent/assets/BQVUYcUTqs-2EGuD_yHhWoaRZYeJz0ozE.gif" />
<file href="scormcontent/assets/gxeiM3qI0IiHrNmP_muontClA081du4GH.jpg" />
<file href="scormcontent/assets/ZPHi1AZHDF3vqcQ__73vGWe-i9FVRLpQX.jpg" />
<file href="scormcontent/assets/1VRlQq2R0x6SE8rb_Y1AWw8Zp85u9DRzp.gif" />
<file href="scormcontent/assets/eFsrIpPHDVyLW6Ot_NKgTCx_Snb8eA7kz.png" />
<file href="scormcontent/assets/OgjE_KQjY55t2UpZ_sY1oe9QsqX5qAgbI.png" />
<file href="scormcontent/assets/9s721jZb4iD7gt6c_KO88F4ZSdlfIYtQL.jpg" />
<file href="scormcontent/assets/gVQPAbM0xqNQmT1A_Prl4yyJosPmZl17y.png" />
<file href="scormcontent/assets/uKH-bkDTiRzj0Uj4_3yNpP2Bnil6cGfT8.png" />
<file href="scormcontent/assets/WhlyD3gYxO-zqxPf_-uXP_wHq5DQ4r6CW.jpg" />
<file href="scormcontent/assets/5tOeu9ssCvzlLzsH_XpDD3PRkHt4uyZw8.jpg" />
<file href="scormcontent/assets/3NG9njTWUsfWuVTh_-6UH2fxJBGzuTKrS.png" />
<file href="scormcontent/assets/Y2evFT5HwotxSRs8_Yx2A14_1wbj52Qyt.jpg" />
<file href="scormcontent/assets/qnqwh_Z48-jFRPlR_VtxIO04ufsU99yCn.jpg" />
<file href="scormcontent/assets/RJ3vC43HEzQRSXNp_ThR8tX5kixlA8hRG.jpg" />
<file href="scormcontent/assets/qu54OndDihN2OvEE_BXqeIXBhDylIE78C.png" />
<file href="scormcontent/assets/mJ6MAaTaKz627gvH_gdv5JgclPm3RTMTU.jpg" />
<file href="scormcontent/assets/v3EUMMIeuzQBNQie_MxIj0ALo8t6z6R06.jpg" />
<file href="scormcontent/assets/MwdCMgv5K-r49Oh-_h2PCHoQWHdNJyzdI.png" />
<file href="scormcontent/assets/QJtfDDiyBnK_Avj2_k7qJ0XpxjLUluOMG.png" />
<file href="scormcontent/assets/wJqsGWJ8tFtyQ1Iv_Rs0kdfah0MEMTC3z.jpg" />
<file href="scormcontent/assets/9i55KKLeHIcHsymQ_oQnFdYn_iMj0Moeh.png" />
<file href="scormcontent/assets/G-Z5-MKvRbNIO7VG_QhiYHr7_zEtpMoZu.png" />
<file href="scormcontent/assets/X5Grshkw-F33oQK-_T4S1rL-TQe5D_Dpa.png" />
<file href="scormcontent/assets/0ZyoFJYzs0QGojpk_YYEceBgIBm-m_pz6.png" />
<file href="scormcontent/assets/qiY7q5vongdj-kWL_GPdipKwr7OV1oLEd.png" />
<file href="scormcontent/assets/4Kt-TrOWWD_MxeXM__ARToTSKjylp3ogZ.png" />
<file href="scormcontent/assets/gbGMpx5pt_ur3U4Y_dfdR80k1yjVVN5d3.png" />
<file href="scormcontent/assets/ALqQcJTAJQEMWpwN_qHmA4ujgBPA4DesK.png" />
<file href="scormcontent/assets/pn4eQmH7ZVecb1hc_EbyaXr0yXCASrcKG.png" />
<file href="scormcontent/assets/JuX-2rfVNeOE8CNY_5ZqVz64_EAs8DFpT.png" />
<file href="scormcontent/assets/A5CEc1tkjX5NMDFf_hb5qRtcZJ42Qyn37.png" />
<file href="scormcontent/assets/oVeGWSbJrqwWL4t2_S23xNQpdd_cH3fdj.png" />
<file href="scormcontent/assets/8XDG_UyZ126EdsMs_zXhcost3a-hcnmnN.png" />
<file href="scormcontent/assets/kXzvv82KCfjTK1ya_7r_b-okU9uoHP3da.png" />
<file href="scormcontent/assets/u-n_aouzywPC6IFU_ZMV_RzUTt7ShoZLD.jpg" />
<file href="scormcontent/assets/4EplOZnh8VOrmQDZ_uAoXT0sLHQ7nt4ac.jpg" />
<file href="scormcontent/assets/NIKeqFkOh9sdOXWk_30_cities.jpg" />
<file href="scormcontent/assets/XbTN1bzKTFcjkKxT_example-header-image.jpg" />

    </resource>
  </resources>
</manifest>
